line,lon,lat
0,15.9878,56.2077
0,15.9321,56.1747
0,15.8744,56.1027
0,15.8517,56.0864
0,15.7887,56.1064
0,15.8265,56.1594
0,15.8062,56.1679
0,15.7312,56.1572
0,15.7136,56.1747
0,15.7025,56.1702
0,15.6482,56.1946
0,15.5921,56.1605
0,15.5759,56.1747
0,15.5962,56.2038
0,15.5864,56.2089
0,15.4929,56.1763
0,15.4800,56.1518
0,15.4333,56.1789
0,15.4040,56.1798
0,15.3767,56.1611
0,15.3656,56.1411
0,15.3210,56.1396
0,15.2953,56.1474
0,15.3226,56.1536
0,15.2953,56.1884
0,15.2738,56.1712
0,15.2345,56.1572
0,15.1924,56.1529
0,15.1543,56.1686
0,15.0930,56.1611
0,15.0755,56.1884
0,15.0347,56.1815
0,15.0490,56.1536
0,14.9534,56.1729
0,14.9060,56.1612
0,14.8482,56.1640
0,14.8496,56.1474
0,14.8303,56.1426
0,14.7746,56.1679
0,14.7013,56.1614
0,14.6858,56.1474
0,14.6823,56.1171
0,14.7034,56.1094
0,14.7678,56.0307
0,14.7155,56.0023
0,14.7057,56.0170
0,14.6858,56.0170
0,14.6730,56.0053
0,14.6115,56.0111
0,14.6238,56.0245
0,14.6077,56.0370
0,14.6033,56.0581
0,14.5822,56.0438
0,14.5691,56.0581
0,14.4974,56.0405
0,14.4077,55.9770
0,14.3464,55.9533
0,14.3233,55.9157
0,14.2710,55.8945
0,14.2347,55.8627
0,14.2085,55.8213
0,14.1958,55.7257
0,14.2059,55.7086
0,14.2737,55.6676
0,14.2761,55.6350
0,14.2845,55.6230
0,14.3582,55.5637
0,14.3675,55.5454
0,14.3630,55.5236
0,14.3488,55.5106
0,14.2649,55.4612
0,14.2190,55.4138
0,14.1812,55.3908
0,14.0642,55.3908
0,13.9562,55.4268
0,13.8972,55.4349
0,13.8423,55.4212
0,13.7803,55.4274
0,13.6296,55.4183
0,13.5808,55.3888
0,13.5034,55.3884
0,13.3814,55.3460
0,13.2805,55.3454
0,13.1155,55.3803
0,13.0308,55.3864
0,12.9792,55.4033
0,12.9326,55.3880
0,12.8867,55.3933
0,12.8328,55.3826
0,12.8288,55.4001
0,12.8594,55.4349
0,12.9046,55.4180
0,12.9297,55.4188
0,12.9658,55.4349
0,12.9632,55.4543
0,12.9857,55.4479
0,12.9758,55.4750
0,12.9285,55.5200
0,12.9175,55.5472
0,12.9294,55.5789
0,13.0383,55.6352
0,13.0580,55.6607
0,13.0549,55.6940
0,13.0115,55.7284
0,12.9744,55.7265
0,12.9658,55.7462
0,12.9226,55.7495
0,12.9113,55.7639
0,12.9319,55.7695
0,12.9386,55.7905
0,12.9260,55.8341
0,12.8508,55.8657
0,12.8213,55.8867
0,12.8049,55.9293
0,12.7708,55.9484
0,12.7523,55.9966
0,12.7195,56.0122
0,12.7088,56.0213
0,12.6980,56.0515
0,12.6022,56.1232
0,12.5537,56.1815
0,12.5408,56.2225
0,12.5046,56.2753
0,12.4514,56.3044
0,12.6463,56.2573
0,12.6662,56.2394
0,12.7048,56.2225
0,12.7969,56.2281
0,12.8145,56.2362
0,12.8335,56.2657
0,12.8294,56.2786
0,12.7835,56.2934
0,12.7318,56.3597
0,12.6438,56.3961
0,12.6216,56.4193
0,12.6569,56.4553
0,12.7137,56.4674
0,12.8333,56.4426
0,12.8901,56.4553
0,12.9334,56.5065
0,12.9344,56.5471
0,12.9038,56.5930
0,12.8861,56.6372
0,12.8718,56.6495
0,12.7318,56.6470
0,12.6799,56.6796
0,12.6643,56.7143
0,12.6157,56.7501
0,12.5947,56.7880
0,12.5983,56.8210
0,12.5339,56.8463
0,12.5270,56.8599
0,12.4992,56.8668
0,12.4696,56.8920
0,12.3750,56.9121
0,12.3565,56.9238
0,12.3421,56.9630
0,12.3543,56.9857
0,12.3410,57.0141
0,12.2713,57.0429
0,12.2474,57.0607
0,12.2453,57.0790
0,12.2186,57.0927
0,12.2376,57.1081
0,12.2334,57.1215
0,12.2044,57.1479
0,12.1974,57.1849
0,12.1491,57.1883
0,12.1913,57.2126
0,12.1384,57.2197
0,12.1013,57.2367
0,12.1565,57.2429
0,12.0951,57.2504
0,12.1199,57.2753
0,12.1472,57.2855
0,12.1441,57.3101
0,12.1050,57.3445
0,12.0671,57.3398
0,12.0498,57.3511
0,12.1087,57.3944
0,12.0603,57.3944
0,12.0921,57.4114
0,12.0593,57.4588
0,12.0436,57.4618
0,12.0066,57.4341
0,11.9929,57.3660
0,11.9790,57.3466
0,11.9722,57.3641
0,11.9336,57.3608
0,11.9448,57.3876
0,11.9033,57.3944
0,11.9152,57.4034
0,11.9033,57.4490
0,11.9071,57.4653
0,11.9448,57.4899
0,11.9102,57.5036
0,11.9312,57.5111
0,11.9033,57.5241
0,11.9177,57.5395
0,11.9115,57.5953
0,11.9168,57.6209
0,11.8971,57.6271
0,11.8919,57.6130
0,11.8674,57.6074
0,11.8350,57.6619
0,11.8446,57.6830
0,11.9095,57.6868
0,11.9237,57.7028
0,11.8459,57.6933
0,11.7477,57.7136
0,11.7518,57.6960
0,11.7054,57.6984
0,11.7063,57.7220
0,11.8104,57.7814
0,11.8079,57.7881
0,11.7894,57.7903
0,11.7518,57.7848
0,11.6868,57.8376
0,11.6563,57.8394
0,11.7039,57.8605
0,11.6936,57.8812
0,11.7073,57.8914
0,11.7593,57.9021
0,11.7456,57.9151
0,11.7661,57.9288
0,11.7366,57.9387
0,11.8001,58.0223
0,11.8029,58.0366
0,11.7830,58.0692
0,11.8010,58.0864
0,11.7935,58.1001
0,11.8181,58.1032
0,11.8285,58.1212
0,11.8413,58.1938
0,11.8757,58.1992
0,11.8897,58.2168
0,11.8606,58.2184
0,11.8518,58.2266
0,11.8446,58.2534
0,11.8138,58.2783
0,11.8089,58.3022
0,11.8259,58.3166
0,11.8828,58.3328
0,11.8704,58.3454
0,11.8070,58.3266
0,11.7267,58.3271
0,11.7258,58.3130
0,11.6790,58.3074
0,11.5811,58.2509
0,11.5259,58.2578
0,11.5396,58.2373
0,11.5059,58.2431
0,11.4966,58.2584
0,11.5037,58.2802
0,11.5418,58.3336
0,11.6221,58.3881
0,11.6078,58.3950
0,11.6218,58.4060
0,11.6699,58.4222
0,11.6526,58.4374
0,11.6289,58.4313
0,11.5886,58.4011
0,11.5532,58.4632
0,11.5470,58.4632
0,11.5518,58.3994
0,11.5417,58.3649
0,11.5225,58.3362
0,11.4660,58.2941
0,11.3962,58.2646
0,11.4162,58.2904
0,11.4434,58.3056
0,11.4434,58.3130
0,11.3992,58.3030
0,11.3893,58.3056
0,11.3838,58.3182
0,11.4011,58.3368
0,11.4486,58.3417
0,11.4229,58.3638
0,11.4241,58.3881
0,11.4070,58.3874
0,11.3706,58.3475
0,11.3459,58.3460
0,11.4241,58.4427
0,11.3484,58.3881
0,11.3342,58.3676
0,11.3068,58.3601
0,11.2536,58.3659
0,11.2317,58.3397
0,11.2209,58.3463
0,11.2249,58.3707
0,11.2044,58.4011
0,11.2090,58.4189
0,11.2590,58.4222
0,11.2515,58.4423
0,11.2937,58.4700
0,11.2577,58.4822
0,11.2385,58.5079
0,11.2522,58.5185
0,11.2556,58.5557
0,11.2863,58.5799
0,11.2658,58.5799
0,11.2698,58.5922
0,11.2522,58.6072
0,11.2590,58.6345
0,11.2106,58.6792
0,11.2180,58.7080
0,11.1869,58.7102
0,11.1774,58.7186
0,11.1786,58.7365
0,11.1898,58.7530
0,11.2106,58.7574
0,11.2069,58.7709
0,11.2334,58.8082
0,11.2317,58.8437
0,11.2029,58.8549
0,11.1976,58.8642
0,11.1901,58.9083
0,11.1976,58.9225
0,11.1467,58.9312
0,11.1199,58.9409
0,11.1082,58.9536
0,11.1174,58.9688
0,11.1838,58.9914
0,11.1228,58.9941
0,11.1150,59.0082
0,11.1294,59.0312
0,11.1936,59.0801
0,11.2201,59.0902
0,11.3210,59.0995
0,11.3547,59.0916
0,11.3938,59.0194
0,11.4297,58.9914
0,11.4375,58.9914
0,11.4378,58.9982
0,11.4036,59.0386
0,11.3893,59.0808
0,11.3705,59.1007
0,11.3138,59.1152
0,11.2166,59.1104
0,11.1824,59.1160
0,11.1702,59.1348
0,11.1747,59.1409
0,11.2067,59.1457
0,11.1786,59.1650
0,11.1764,59.1968
0,11.1355,59.1832
0,11.1502,59.1752
0,11.1531,59.1625
0,11.1355,59.1422
0,11.1188,59.1423
0,11.0877,59.1758
0,11.0991,59.1342
0,11.0911,59.1280
0,11.0325,59.1280
0,11.0398,59.1437
0,11.0078,59.1591
0,10.9983,59.1723
0,10.9485,59.1833
0,10.9362,59.1832
0,10.9440,59.1493
0,10.9341,59.1404
0,10.9164,59.1422
0,10.9006,59.1640
0,10.9021,59.1968
0,10.8503,59.1804
0,10.8412,59.1614
0,10.8229,59.1640
0,10.8020,59.1888
0,10.7791,59.1894
0,10.7842,59.2063
0,10.7664,59.2318
0,10.7730,59.2521
0,10.7381,59.2167
0,10.7332,59.2409
0,10.7437,59.2680
0,10.7791,59.3129
0,10.7347,59.3341
0,10.7007,59.3067
0,10.6741,59.3157
0,10.6598,59.3594
0,10.6428,59.3749
0,10.6597,59.4002
0,10.5916,59.4307
0,10.6011,59.4501
0,10.6445,59.4932
0,10.6564,59.4979
0,10.6629,59.4887
0,10.6489,59.4438
0,10.6624,59.4379
0,10.6851,59.4503
0,10.6903,59.4807
0,10.6631,59.5047
0,10.6511,59.5264
0,10.6468,59.5726
0,10.6564,59.5947
0,10.6260,59.6373
0,10.6146,59.6972
0,10.5975,59.6846
0,10.5755,59.6996
0,10.5602,59.7262
0,10.5632,59.7484
0,10.6146,59.8337
0,10.6555,59.8567
0,10.6803,59.8273
0,10.7178,59.7381
0,10.7585,59.8502
0,10.7451,59.8821
0,10.7526,59.8889
0,10.6887,59.9118
0,10.6663,59.8889
0,10.6214,59.8963
0,10.5942,59.8821
0,10.5295,59.8823
0,10.4754,59.8500
0,10.4738,59.8414
0,10.4987,59.8337
0,10.4845,59.7886
0,10.4912,59.7313
0,10.5022,59.7087
0,10.5398,59.6750
0,10.5827,59.6621
0,10.5991,59.6440
0,10.6146,59.6077
0,10.5931,59.5704
0,10.5427,59.5355
0,10.4837,59.5145
0,10.4367,59.5184
0,10.4236,59.5338
0,10.4292,59.5978
0,10.3976,59.6881
0,10.3605,59.7110
0,10.3323,59.7115
0,10.2669,59.7397
0,10.2389,59.7388
0,10.2244,59.7238
0,10.2571,59.7011
0,10.3600,59.6728
0,10.3792,59.6584
0,10.3949,59.6112
0,10.3810,59.5353
0,10.3643,59.5258
0,10.2694,59.5590
0,10.2373,59.5600
0,10.2679,59.5251
0,10.3313,59.4951
0,10.3694,59.4553
0,10.4590,59.4409
0,10.4775,59.4296
0,10.4803,59.4121
0,10.4468,59.3647
0,10.4445,59.3489
0,10.4987,59.3198
0,10.5142,59.3029
0,10.4871,59.2841
0,10.4696,59.2478
0,10.4162,59.2651
0,10.3609,59.2713
0,10.3620,59.2195
0,10.3303,59.2097
0,10.3171,59.1796
0,10.3137,59.1280
0,10.2898,59.1346
0,10.2870,59.1149
0,10.3069,59.0597
0,10.2927,59.0701
0,10.2721,59.1143
0,10.2695,59.0478
0,10.2625,59.0386
0,10.2311,59.1143
0,10.2244,59.1143
0,10.2113,59.0666
0,10.2322,59.0404
0,10.2278,59.0290
0,10.2070,59.0164
0,10.1408,58.9999
0,10.1145,59.0051
0,10.1619,59.0275
0,10.1697,59.0355
0,10.1634,59.0523
0,10.0594,59.0181
0,10.0168,59.0337
0,10.0334,58.9935
0,10.0148,58.9731
0,9.9574,58.9567
0,9.8462,58.9556
0,9.8122,58.9634
0,9.8389,58.9719
0,9.8452,58.9893
0,9.8368,59.0093
0,9.7817,59.0512
0,9.7660,59.0524
0,9.7581,59.0324
0,9.7240,59.0597
0,9.7061,59.0643
0,9.7035,59.0870
0,9.6885,59.0908
0,9.6831,59.0460
0,9.6686,59.0515
0,9.6489,59.0733
0,9.6414,59.1024
0,9.6284,59.1081
0,9.6405,59.1176
0,9.6398,59.1273
0,9.6306,59.1314
0,9.6009,59.1157
0,9.5391,59.1206
0,9.5591,59.1024
0,9.6213,59.0753
0,9.6346,59.0495
0,9.6541,59.0373
0,9.7268,59.0152
0,9.7240,58.9840
0,9.7035,58.9982
0,9.6847,58.9835
0,9.6558,58.9840
0,9.6558,58.9771
0,9.6775,58.9726
0,9.6898,58.9567
0,9.6633,58.9588
0,9.5942,58.9430
0,9.6079,58.9287
0,9.5759,58.9215
0,9.4701,58.9287
0,9.5239,58.9001
0,9.4559,58.8977
0,9.4504,58.8815
0,9.3994,58.8985
0,9.3738,58.8954
0,9.3602,58.8815
0,9.4020,58.8884
0,9.3989,58.8742
0,9.3845,58.8673
0,9.3185,58.8660
0,9.2988,58.8815
0,9.2708,58.8332
0,9.3125,58.8263
0,9.3796,58.8442
0,9.4504,58.8332
0,9.4362,58.8203
0,9.3670,58.7922
0,9.4087,58.7996
0,9.4087,58.7922
0,9.3065,58.7387
0,9.2493,58.7336
0,9.0710,58.7412
0,9.0584,58.7270
0,9.0630,58.7238
0,9.1436,58.7098
0,9.1691,58.7165
0,9.1008,58.7375
0,9.2147,58.7216
0,9.2163,58.7028
0,9.1867,58.6916
0,9.0593,58.6829
0,9.1829,58.6863
0,9.2005,58.6723
0,9.1902,58.6649
0,9.0338,58.5948
0,8.9910,58.6003
0,8.9712,58.5867
0,8.9495,58.6003
0,8.9133,58.6069
0,8.9489,58.5797
0,8.9439,58.5260
0,8.9281,58.5135
0,8.8235,58.4528
0,8.7541,58.4276
0,8.7073,58.3789
0,8.6416,58.3639
0,8.6073,58.3328
0,8.5884,58.3342
0,8.5794,58.3475
0,8.5453,58.3130
0,8.5134,58.2934
0,8.5064,58.2831
0,8.5181,58.2714
0,8.5012,58.2572
0,8.4558,58.2641
0,8.4354,58.2578
0,8.4235,58.2702
0,8.4094,58.2720
0,8.4006,58.2658
0,8.4063,58.2442
0,8.3535,58.2447
0,8.2953,58.2127
0,8.2437,58.2031
0,8.2717,58.1963
0,8.2489,58.1713
0,8.2272,58.1632
0,8.2232,58.1348
0,8.2019,58.1230
0,8.1727,58.1461
0,8.1580,58.1445
0,8.1229,58.1020
0,8.0525,58.1132
0,8.0246,58.1411
0,8.0798,58.1621
0,8.0601,58.1774
0,8.0296,58.2248
0,8.0041,58.2230
0,8.0221,58.2028
0,8.0276,58.1832
0,8.0223,58.1638
0,8.0075,58.1445
0,7.9536,58.1247
0,7.9341,58.1094
0,7.9563,58.0932
0,7.9158,58.0819
0,7.7552,58.0700
0,7.6960,58.0585
0,7.6639,58.0673
0,7.6536,58.0646
0,7.6609,58.0455
0,7.6267,58.0523
0,7.6292,58.0312
0,7.6148,58.0221
0,7.5941,58.0264
0,7.5789,58.0455
0,7.5789,58.0175
0,7.3906,58.0175
0,7.2676,58.0360
0,7.2534,58.0436
0,7.2498,58.0585
0,7.1750,58.0312
0,7.1555,58.0503
0,7.0828,58.0369
0,7.0760,58.0065
0,7.0066,57.9932
0,6.9972,57.9971
0,7.0036,58.0114
0,6.9994,58.0307
0,7.0877,58.0706
0,7.1162,58.0585
0,7.1475,58.1001
0,7.0647,58.0781
0,7.0349,58.0623
0,6.9353,58.0455
0,6.9961,58.1001
0,6.9803,58.1054
0,6.9006,58.0523
0,6.9121,58.0750
0,6.9080,58.1001
0,6.8664,58.0796
0,6.8322,58.0843
0,6.8042,58.1001
0,6.8708,58.1192
0,6.9500,58.1209
0,6.9748,58.1268
0,6.9893,58.1411
0,6.9041,58.1310
0,6.8738,58.1348
0,6.8015,58.1793
0,6.7776,58.1820
0,6.8128,58.1282
0,6.8080,58.1206
0,6.7315,58.1199
0,6.7156,58.1348
0,6.7273,58.1452
0,6.7224,58.1894
0,6.6882,58.1206
0,6.7034,58.1204
0,6.7224,58.1001
0,6.7832,58.0698
0,6.7639,58.0585
0,6.6185,58.0683
0,6.5420,58.1077
0,6.5305,58.1206
0,6.5681,58.1318
0,6.5970,58.1765
0,6.6746,58.1820
0,6.6541,58.1894
0,6.6751,58.2070
0,6.8460,58.2714
0,6.8030,58.2705
0,6.6814,58.2230
0,6.6336,58.2748
0,6.6401,58.2938
0,6.6563,58.3028
0,6.6951,58.2919
0,6.7088,58.3130
0,6.6873,58.3273
0,6.6409,58.3164
0,6.6200,58.3192
0,6.6262,58.2447
0,6.5623,58.2431
0,6.4993,58.2629
0,6.4006,58.2722
0,6.3475,58.2859
0,6.2808,58.3130
0,6.2034,58.3355
0,6.1403,58.3397
0,6.0506,58.3795
0,6.0101,58.3849
0,5.9780,58.4145
0,5.9644,58.4682
0,5.9546,58.4775
0,5.7967,58.4892
0,5.7784,58.5209
0,5.7420,58.5270
0,5.7042,58.5208
0,5.6463,58.5487
0,5.6524,58.5627
0,5.5715,58.6283
0,5.5069,58.7299
0,5.4780,58.7547
0,5.5267,58.7841
0,5.5397,58.8155
0,5.5305,58.8687
0,5.5641,58.8815
0,5.5725,58.8940
0,5.5505,58.9157
0,5.5371,58.9561
0,5.6174,58.9073
0,5.6262,58.9256
0,5.5505,58.9709
0,5.5706,58.9821
0,5.5916,58.9771
0,5.5789,58.9891
0,5.5410,58.9846
0,5.5232,58.9914
0,5.5425,59.0096
0,5.5505,59.0386
0,5.7156,58.9771
0,5.7010,58.9191
0,5.7030,58.8876
0,5.7156,58.8673
0,5.7355,58.9287
0,5.8181,58.9362
0,5.8218,58.9634
0,5.8535,58.9650
0,5.9196,58.9451
0,5.9700,58.9036
0,6.0925,58.8472
0,6.1351,58.8396
0,6.2289,58.8400
0,6.2062,58.8490
0,6.1190,58.8536
0,6.0648,58.8854
0,6.0576,58.9020
0,6.0637,58.9136
0,6.1265,58.9621
0,6.1948,58.9840
0,6.6262,59.0528
0,6.6262,59.0597
0,6.3521,59.0330
0,6.2987,59.0151
0,6.1604,58.9982
0,6.1268,58.9837
0,6.0339,58.9052
0,5.9751,58.9634
0,5.9841,58.9841
0,6.0508,58.9982
0,6.0091,59.0256
0,5.9341,59.0181
0,5.8919,59.0454
0,5.8755,59.0662
0,5.8727,59.0870
0,5.8906,59.1039
0,6.1265,59.1484
0,6.0088,59.1494
0,6.0643,59.2072
0,6.1714,59.2614
0,6.2521,59.2772
0,6.3239,59.3150
0,6.4617,59.3198
0,6.4617,59.3266
0,6.3138,59.3229
0,6.2024,59.2770
0,6.1541,59.2678
0,6.1123,59.2746
0,6.0850,59.3067
0,6.2363,59.3129
0,6.1992,59.3515
0,6.1976,59.3347
0,6.1721,59.3212
0,6.1470,59.3402
0,6.1228,59.3198
0,6.0925,59.3198
0,6.0692,59.3318
0,6.0576,59.3539
0,6.0540,59.3346
0,6.0374,59.3275
0,5.9955,59.3341
0,6.0534,59.3908
0,6.1538,59.4274
0,6.1743,59.4438
0,6.1886,59.4296
0,6.2162,59.4681
0,6.2227,59.4979
0,6.2427,59.5106
0,6.4275,59.5510
0,6.5442,59.5600
0,6.5052,59.5713
0,6.3361,59.5536
0,6.2721,59.5281
0,6.2363,59.5258
0,6.2786,59.5720
0,6.2887,59.6291
0,6.3115,59.6555
0,6.2865,59.6492
0,6.2669,59.6256
0,6.2459,59.5620
0,6.1530,59.4594
0,6.0781,59.4193
0,6.0270,59.4023
0,6.0095,59.4076
0,5.9983,59.4284
0,5.9826,59.4296
0,5.9886,59.4160
0,5.9689,59.4085
0,5.9689,59.4023
0,5.9861,59.3959
0,5.9955,59.3812
0,5.9486,59.3603
0,5.9242,59.3558
0,5.9100,59.3820
0,5.8862,59.4023
0,5.8862,59.4470
0,5.9241,59.4461
0,6.1532,59.4774
0,6.1336,59.4901
0,6.1043,59.4929
0,6.0247,59.4743
0,5.9019,59.4791
0,5.8635,59.4943
0,5.8345,59.5156
0,5.8181,59.5395
0,5.7771,59.5258
0,5.8035,59.4948
0,5.8079,59.4803
0,5.7975,59.4631
0,5.7484,59.4458
0,5.7228,59.4512
0,5.7083,59.4706
0,5.7137,59.4467
0,5.6965,59.4294
0,5.6462,59.4085
0,5.6644,59.4065
0,5.7355,59.4296
0,5.7842,59.4293
0,5.8525,59.3850
0,5.8596,59.3508
0,5.7835,59.3432
0,5.7634,59.3477
0,5.7527,59.3362
0,5.7385,59.3348
0,5.7048,59.3402
0,5.6979,59.3380
0,5.6952,59.3198
0,5.6242,59.2922
0,5.6120,59.2930
0,5.6096,59.3056
0,5.6187,59.3169
0,5.6462,59.3266
0,5.6462,59.3341
0,5.6234,59.3546
0,5.5866,59.4165
0,5.5607,59.4093
0,5.5853,59.3955
0,5.5679,59.3164
0,5.5293,59.2858
0,5.4754,59.2788
0,5.4358,59.3077
0,5.4238,59.3305
0,5.4406,59.3698
0,5.4417,59.3922
0,5.4331,59.4051
0,5.4133,59.3955
0,5.4043,59.3790
0,5.4046,59.3043
0,5.3909,59.2946
0,5.3727,59.3072
0,5.3656,59.3402
0,5.3499,59.3664
0,5.3582,59.3872
0,5.3484,59.4160
0,5.3327,59.4115
0,5.3314,59.3539
0,5.2972,59.3447
0,5.2312,59.4243
0,5.2017,59.4296
0,5.1823,59.5112
0,5.1997,59.5246
0,5.2427,59.5258
0,5.2427,59.5320
0,5.2017,59.5395
0,5.2017,59.5463
0,5.2378,59.5596
0,5.2904,59.6009
0,5.3040,59.6282
0,5.3442,59.6477
0,5.3860,59.6494
0,5.4016,59.6055
0,5.4133,59.5947
0,5.4270,59.6357
0,5.3997,59.6698
0,5.4116,59.6892
0,5.4891,59.7381
0,5.4817,59.7238
0,5.5021,59.7102
0,5.5055,59.6927
0,5.4981,59.6506
0,5.4805,59.6213
0,5.4878,59.5750
0,5.4509,59.5463
0,5.4168,59.5429
0,5.4077,59.5218
0,5.4081,59.5099
0,5.4168,59.5047
0,5.5164,59.5395
0,5.5374,59.5768
0,5.5400,59.5983
0,5.5236,59.6179
0,5.5641,59.6767
0,5.7219,59.6635
0,5.7310,59.6477
0,5.7156,59.6077
0,5.7544,59.6098
0,5.7634,59.6146
0,5.7669,59.6456
0,5.7891,59.6564
0,5.8794,59.6555
0,5.8794,59.6767
0,5.7886,59.6601
0,5.7634,59.6623
0,5.7461,59.6755
0,5.8142,59.7291
0,5.8862,59.7381
0,5.8941,59.7618
0,5.9031,59.7648
0,5.9341,59.7449
0,5.9859,59.7357
0,6.0381,59.7452
0,6.1917,59.8060
0,6.2152,59.8275
0,6.2918,59.8403
0,6.3115,59.8542
0,6.2443,59.8436
0,6.1219,59.8048
0,6.0371,59.7648
0,6.0023,59.7586
0,5.9639,59.7600
0,5.9341,59.7790
0,5.9344,59.7946
0,5.9614,59.8166
0,5.9575,59.8413
0,5.9689,59.8610
0,5.9468,59.8555
0,5.9343,59.8415
0,5.9273,59.8027
0,5.9144,59.7914
0,5.8529,59.7742
0,5.8091,59.7782
0,5.7596,59.8166
0,5.7075,59.8381
0,5.7219,59.8610
0,5.6814,59.8415
0,5.6598,59.8400
0,5.6462,59.8542
0,5.6965,59.8623
0,5.7429,59.8821
0,5.7402,59.9099
0,5.7722,59.9307
0,5.8596,59.9510
0,5.9715,59.9595
0,5.9826,59.9811
0,5.9478,59.9975
1,5.7560,59.9907
1,5.7393,59.9945
2,5.2795,53.0629
2,5.3128,53.0828
2,5.3792,53.0974
2,5.3998,53.1221
2,5.4271,53.1903
2,5.4474,53.2209
2,5.5042,53.2570
2,5.5410,53.2666
2,5.5916,53.3028
2,5.6597,53.3120
2,5.6946,53.3301
2,5.9808,53.4061
2,6.2739,53.4127
2,6.3115,53.3990
2,6.3456,53.4127
2,6.4944,53.4387
2,6.7302,53.4606
2,6.8291,53.4506
2,6.8669,53.4343
2,6.9006,53.3518
2,6.9486,53.3261
2,7.0200,53.3061
2,7.0378,53.3096
2,7.0583,53.3019
2,7.0855,53.3096
2,7.0735,53.2956
2,7.0807,53.2668
2,7.1946,53.2450
2,7.2336,53.2736
2,7.2370,53.2855
2,7.2295,53.2966
2,7.2547,53.3195
2,7.2915,53.3239
2,7.3665,53.3028
2,7.3425,53.3240
2,7.3029,53.3327
2,7.0752,53.3376
2,7.0383,53.3486
2,7.0236,53.3764
2,7.0233,53.4505
2,7.0597,53.5217
2,7.1196,53.5163
2,7.1418,53.5372
2,7.1311,53.5570
2,7.0889,53.5737
2,7.0868,53.5869
2,7.2261,53.6665
2,7.3050,53.6848
2,7.4588,53.6951
2,7.5039,53.6787
2,7.9514,53.7219
2,8.0314,53.7081
2,8.0249,53.6726
2,8.0529,53.6363
2,8.0941,53.6047
2,8.1276,53.5908
2,8.1192,53.5719
2,8.1567,53.5637
2,8.1680,53.5532
2,8.1554,53.5260
2,8.1157,53.5107
2,8.0588,53.5020
2,8.0770,53.4687
2,8.0998,53.4474
2,8.1239,53.4540
2,8.1524,53.4498
2,8.2053,53.4107
2,8.2595,53.4123
2,8.2928,53.4405
2,8.3151,53.4749
2,8.3205,53.5092
2,8.2915,53.5294
2,8.2312,53.5252
2,8.2489,53.5903
2,8.2707,53.6129
2,8.3294,53.6181
2,8.3485,53.6129
2,8.3877,53.5771
2,8.5521,53.5436
2,8.5521,53.5362
2,8.5062,53.5080
2,8.4900,53.4864
2,8.4850,53.4012
2,8.5044,53.3581
2,8.4976,53.4748
2,8.5129,53.4965
2,8.5567,53.5182
2,8.5658,53.5467
2,8.5083,53.6251
2,8.4871,53.6669
2,8.4861,53.7004
2,8.5733,53.8577
2,8.6071,53.8815
2,8.6519,53.8925
2,8.6846,53.8885
2,8.7446,53.8542
2,8.7825,53.8425
2,8.8607,53.8310
2,9.0163,53.8405
2,9.0350,53.8536
2,9.1145,53.8651
2,9.1936,53.8647
2,9.2107,53.8720
2,9.2747,53.8651
2,9.3053,53.8445
2,9.4027,53.7424
2,9.4847,53.6901
2,9.4984,53.6599
2,9.5671,53.5996
2,9.6966,53.5566
2,9.8320,53.5436
2,9.8196,53.5566
2,9.7821,53.5697
2,9.6924,53.5759
2,9.5837,53.6125
2,9.5508,53.6346
2,9.5322,53.7112
2,9.4358,53.7487
2,9.4124,53.7788
2,9.3952,53.8310
2,9.3587,53.8395
2,9.2578,53.8856
2,9.0934,53.8925
2,9.0300,53.9071
2,9.0078,53.8925
2,8.9846,53.8970
2,8.9160,53.9374
2,8.8333,54.0364
2,8.8906,54.0478
2,8.9754,54.0241
2,8.9972,54.0302
2,9.0130,54.0610
2,9.0183,54.0979
2,8.9745,54.1281
2,8.9773,54.1457
2,8.9529,54.1501
2,8.9180,54.1463
2,8.8607,54.1252
2,8.8128,54.1805
2,8.8467,54.2335
2,8.8396,54.2556
2,8.9220,54.2742
2,8.9631,54.3176
2,8.8811,54.2903
2,8.8880,54.3039
2,8.7747,54.2903
2,8.7389,54.2939
2,8.6785,54.2692
2,8.6234,54.2901
2,8.6027,54.3121
2,8.5999,54.3381
2,8.6140,54.3484
2,8.6956,54.3586
2,8.6956,54.3654
2,8.6506,54.3780
2,8.6348,54.3654
2,8.6262,54.3764
2,8.6292,54.3877
2,8.6484,54.4064
2,8.6698,54.4008
2,8.7508,54.4138
2,8.8861,54.4178
2,9.0047,54.4659
2,9.0116,54.5063
2,8.9045,54.5806
2,8.8788,54.6065
2,8.8259,54.5981
2,8.8190,54.6056
2,8.8533,54.6193
2,8.8054,54.6876
2,8.6887,54.7353
2,8.6943,54.7602
2,8.6484,54.8179
2,8.6428,54.8442
2,8.6748,54.9479
2,8.6410,55.0234
2,8.6448,55.0557
2,8.6819,55.1332
2,8.5636,55.1434
2,8.5574,55.0964
2,8.4994,55.0656
2,8.4702,55.0786
2,8.4588,55.1035
2,8.4702,55.1776
2,8.4889,55.1972
2,8.5305,55.2008
2,8.5726,55.1937
2,8.5938,55.1810
2,8.5521,55.1605
2,8.5552,55.1494
2,8.6693,55.1369
2,8.6895,55.1416
2,8.6484,55.2803
2,8.6597,55.3272
2,8.6321,55.4188
2,8.6177,55.4379
2,8.5925,55.4493
2,8.4419,55.4639
2,8.4011,55.4857
2,8.3104,55.5627
2,8.3112,55.5698
2,8.3324,55.5720
2,8.3324,55.5783
2,8.3132,55.5827
2,8.2678,55.5805
2,8.2390,55.5579
2,8.2420,55.5485
2,8.2717,55.5305
2,8.2437,55.5168
2,8.2940,55.5043
2,8.3167,55.4894
2,8.3262,55.4721
2,8.3133,55.4693
2,8.1936,55.5259
2,8.1106,55.5402
2,8.0952,55.5491
2,8.0940,55.5639
2,8.1502,55.6492
2,8.1817,55.7291
2,8.1834,55.7696
2,8.1278,55.9876
2,8.1506,55.9770
2,8.1755,55.9003
2,8.1934,55.8738
2,8.1936,55.8532
2,8.1817,55.8284
2,8.1851,55.8146
2,8.1936,55.8118
2,8.3478,55.8693
2,8.3877,55.8929
2,8.3933,55.9092
2,8.3729,55.9434
2,8.3195,55.9860
2,8.3195,56.0170
2,8.3081,56.0529
2,8.2824,56.0759
2,8.2477,56.0898
2,8.1497,56.1112
2,8.1406,56.1027
2,8.1375,56.0004
2,8.1348,55.9940
2,8.1160,56.0019
2,8.1079,56.0243
2,8.1034,56.0969
2,8.1338,56.2055
2,8.1224,56.5517
2,8.1787,56.6721
2,8.2139,56.7118
2,8.2324,56.6884
2,8.2022,56.6402
2,8.2332,56.6340
2,8.2539,56.6061
2,8.3059,56.5978
2,8.2915,56.5930
2,8.2984,56.5583
2,8.3152,56.5569
2,8.3120,56.5788
2,8.3921,56.5853
2,8.4365,56.5802
2,8.5147,56.5447
2,8.5658,56.5788
2,8.5960,56.5318
2,8.6011,56.5011
2,8.6370,56.4797
2,8.7266,56.4832
2,8.7420,56.4977
2,8.7508,56.5521
2,8.7625,56.5634
2,8.7576,56.5720
2,8.7090,56.5886
2,8.6985,56.6112
2,8.6815,56.6163
2,8.6819,56.6265
2,8.7409,56.6350
2,8.8054,56.6955
2,8.8616,56.7075
2,8.9168,56.7088
2,8.8408,56.7224
2,8.8766,56.7643
2,8.9557,56.8030
2,9.0149,56.7978
2,9.0632,56.8126
2,9.1060,56.8001
2,9.1205,56.7646
2,9.1629,56.7296
2,9.1760,56.7086
2,9.1482,56.7047
2,9.1188,56.6788
2,9.0934,56.6750
2,9.0975,56.6584
2,9.0593,56.6340
2,9.0488,56.6072
2,9.0606,56.5657
2,9.0934,56.5781
2,9.1068,56.6108
2,9.1554,56.6129
2,9.1411,56.6260
2,9.1213,56.6203
2,9.1486,56.6613
2,9.1554,56.6613
2,9.1494,56.6389
2,9.2762,56.6330
2,9.2853,56.6203
2,9.2824,56.6105
2,9.2503,56.5788
2,9.3164,56.5308
2,9.3262,56.5303
2,9.3467,56.5521
2,9.3609,56.5447
2,9.3731,56.5527
2,9.3727,56.5654
2,9.3504,56.5720
2,9.3128,56.5578
2,9.2937,56.5610
2,9.3006,56.6091
2,9.3260,56.6694
2,9.3057,56.6955
2,9.2907,56.7038
2,9.2708,56.7023
2,9.1991,56.6766
2,9.1779,56.6758
2,9.1691,56.6887
2,9.1803,56.7008
2,9.2264,56.7163
2,9.2425,56.7471
2,9.2405,56.7540
2,9.2053,56.7638
2,9.1787,56.7941
2,9.1760,56.8184
2,9.2114,56.8515
2,9.2059,56.8746
2,9.1629,56.8941
2,9.1815,56.9191
2,9.2205,56.9551
2,9.2800,56.9798
2,9.2887,56.9971
2,9.4370,57.0244
2,9.4701,57.0238
2,9.5868,56.9971
2,9.5731,56.9788
2,9.6079,56.9699
2,9.6890,57.0391
2,9.7612,57.0586
2,9.8091,57.0517
2,9.9158,57.0586
2,9.8064,57.1042
2,9.7876,57.1039
2,9.7332,57.0668
2,9.7119,57.0613
2,9.6751,57.0792
2,9.5808,57.0493
2,9.4940,57.0486
2,9.2651,57.0034
2,9.2264,57.0070
2,9.1145,57.0586
2,9.1209,57.0454
2,9.1128,57.0386
2,9.0427,57.0177
2,9.0257,57.0176
2,9.0320,57.0238
2,9.0140,57.0302
2,8.9968,57.0281
2,8.9016,56.9863
2,8.8931,56.9997
2,8.8504,57.0035
2,8.8333,56.9971
2,8.8480,56.9885
2,8.8117,56.9699
2,8.7621,56.9555
2,8.7264,56.9612
2,8.6795,56.9525
2,8.6688,56.9453
2,8.6633,56.9259
2,8.6211,56.8941
2,8.6079,56.8497
2,8.5696,56.8184
2,8.5363,56.8145
2,8.4914,56.7943
2,8.4839,56.7812
2,8.4915,56.7314
2,8.4764,56.7160
2,8.5256,56.7160
2,8.5331,56.7038
2,8.5270,56.6953
2,8.5010,56.6887
2,8.4529,56.7023
2,8.4082,56.6887
2,8.4082,56.6812
2,8.4559,56.6887
2,8.5010,56.6750
2,8.5715,56.6920
2,8.5863,56.6887
2,8.5863,56.6539
2,8.6081,56.6310
2,8.5830,56.6093
2,8.5466,56.6017
2,8.5596,56.5930
2,8.5393,56.5928
2,8.5115,56.6070
2,8.4673,56.6520
2,8.4448,56.6640
2,8.3734,56.6802
2,8.3522,56.6929
2,8.3195,56.7222
2,8.3020,56.7637
2,8.2437,56.7774
2,8.2632,56.7189
2,8.2608,56.7054
2,8.2459,56.7040
2,8.2362,56.7712
2,8.2479,56.8124
2,8.2704,56.8432
2,8.4497,57.0040
2,8.5036,57.0347
2,8.5863,57.1064
2,8.6180,57.1229
2,8.7839,57.1048
2,8.9146,57.1274
2,8.9805,57.1610
2,9.2306,57.1411
2,9.3215,57.1470
2,9.4121,57.1654
2,9.4978,57.1970
2,9.5733,57.2429
2,9.7884,57.4593
2,9.8954,57.5316
2,9.9299,57.5675
2,9.9670,57.5914
2,10.1976,57.6012
2,10.2796,57.6209
2,10.3506,57.6490
2,10.4725,57.7170
2,10.5661,57.7495
2,10.6250,57.7475
2,10.6489,57.7370
2,10.5944,57.7259
2,10.5425,57.6989
2,10.4605,57.6306
2,10.4304,57.5705
2,10.4583,57.5255
2,10.5090,57.4840
2,10.5466,57.4353
2,10.5174,57.3913
2,10.5179,57.3392
2,10.5391,57.2367
2,10.4468,57.1849
2,10.4115,57.1444
2,10.3840,57.0742
2,10.3472,57.0102
2,10.3197,56.9975
2,10.2398,56.9928
2,10.1560,57.0238
2,10.0940,57.0605
2,9.9946,57.0927
2,9.9745,57.0865
2,9.9461,57.0612
2,9.9269,57.0586
2,9.9455,57.0573
2,10.0020,57.0839
2,10.1924,56.9940
2,10.3137,56.9829
2,10.2796,56.9555
2,10.2659,56.9077
2,10.2954,56.7789
2,10.3200,56.7365
2,10.3406,56.7174
2,10.3187,56.7082
2,10.2376,56.7160
2,10.2039,56.7023
2,10.1465,56.7224
2,9.9456,56.6581
2,9.8059,56.6470
2,9.8059,56.6402
2,9.8513,56.6357
2,10.0015,56.6613
2,10.0496,56.6750
2,10.0628,56.6887
2,10.1013,56.6827
2,10.1238,56.6923
2,10.1348,56.7124
2,10.1506,56.7144
2,10.1834,56.7086
2,10.1758,56.6955
2,10.2420,56.6884
2,10.2835,56.6898
2,10.3342,56.7038
2,10.3528,56.6818
2,10.3577,56.6487
2,10.3403,56.6203
2,10.2144,56.5583
2,10.2039,56.5167
2,10.2114,56.5053
2,10.2068,56.4910
2,10.1834,56.4695
2,10.2256,56.4757
2,10.2275,56.5411
2,10.2376,56.5544
2,10.3303,56.6032
2,10.3509,56.5959
2,10.3652,56.5584
2,10.4699,56.5209
2,10.5515,56.5156
2,10.8223,56.5342
2,10.8699,56.5147
2,10.9021,56.4832
2,10.9641,56.4484
2,10.9641,56.4422
2,10.9409,56.4295
2,10.9285,56.4065
2,10.9226,56.3563
2,10.9116,56.3341
2,10.8196,56.2609
2,10.7554,56.2293
2,10.7526,56.1850
2,10.7386,56.1545
2,10.7070,56.1509
2,10.6722,56.1652
2,10.6489,56.1884
2,10.6852,56.1962
2,10.6877,56.2222
2,10.6286,56.2375
2,10.5492,56.1782
2,10.5737,56.1126
2,10.5480,56.1013
2,10.5186,56.1027
2,10.4912,56.1400
2,10.5254,56.1536
2,10.5095,56.1701
2,10.4681,56.1771
2,10.4087,56.1649
2,10.3547,56.2021
2,10.4292,56.2225
2,10.4778,56.2023
2,10.4912,56.2163
2,10.4743,56.2322
2,10.4754,56.2447
2,10.5047,56.2778
2,10.4768,56.2809
2,10.4426,56.2987
2,10.4168,56.2919
2,10.4030,56.2982
2,10.3938,56.2765
2,10.3638,56.2656
2,10.3369,56.2327
2,10.2585,56.1903
2,10.2342,56.1713
2,10.2202,56.1479
2,10.2590,56.0990
2,10.2656,56.0737
2,10.2615,56.0544
2,10.2311,56.0170
2,10.2727,56.0248
2,10.2775,56.0178
2,10.2525,55.9862
2,10.2454,55.9146
2,10.2175,55.8898
2,10.1834,55.8737
2,10.1994,55.8507
2,10.1821,55.8337
2,10.1511,55.8381
2,10.1238,55.8733
2,10.1018,55.8824
2,10.0046,55.8799
2,9.9705,55.8594
2,9.9445,55.8536
2,9.8674,55.8520
2,9.8926,55.8362
2,10.0457,55.8140
2,10.0173,55.7656
2,10.0198,55.7579
2,10.0598,55.7564
2,10.0598,55.7495
2,10.0188,55.7363
2,10.0068,55.7250
2,10.0182,55.7086
2,10.0052,55.7011
2,9.9817,55.7094
2,9.7922,55.6745
2,9.7310,55.6881
2,9.6865,55.7086
2,9.5830,55.7089
2,9.5596,55.7154
2,9.5545,55.7088
2,9.5527,55.7011
2,9.5736,55.6955
2,9.6585,55.6904
2,9.7103,55.6601
2,9.7383,55.6297
2,9.8538,55.6267
2,9.7577,55.5716
2,9.7124,55.5603
2,9.7069,55.5373
2,9.6073,55.5168
2,9.5596,55.5236
2,9.5664,55.5168
2,9.5519,55.5051
2,9.4981,55.4894
2,9.5344,55.4838
2,9.6024,55.4958
2,9.6602,55.4780
2,9.6642,55.4667
2,9.6489,55.4411
2,9.5868,55.4274
2,9.6079,55.3933
2,9.6008,55.3659
2,9.6453,55.3427
2,9.6483,55.3329
2,9.6346,55.3176
2,9.6819,55.2746
2,9.7061,55.2651
2,9.7103,55.2487
2,9.6844,55.1976
2,9.6421,55.1884
2,9.5698,55.1925
2,9.5459,55.1741
2,9.4863,55.1562
2,9.4863,55.1474
2,9.5119,55.1401
2,9.5119,55.1332
2,9.4566,55.1257
2,9.5213,55.1159
2,9.5596,55.0854
2,9.5166,55.0565
2,9.4343,55.0375
2,9.4429,55.0234
2,9.4553,55.0232
2,9.5459,55.0364
2,9.5799,55.0507
2,9.6626,55.0097
2,9.7175,55.0012
2,9.7310,54.9954
2,9.7386,54.9809
2,9.7632,54.9005
2,9.7520,54.8930
2,9.7114,54.8986
2,9.7035,54.8862
2,9.7445,54.8663
2,9.7503,54.8463
2,9.7459,54.8360
2,9.7312,54.8315
2,9.6966,54.8589
2,9.6550,54.8571
2,9.6233,54.8653
2,9.6346,54.8793
2,9.6104,54.9032
2,9.6442,54.9133
2,9.6388,54.9248
2,9.6150,54.9327
2,9.5868,54.9277
2,9.5459,54.8793
2,9.5221,54.8793
2,9.4564,54.8438
2,9.4429,54.8315
2,9.4363,54.8105
2,9.5110,54.8278
2,9.5799,54.8663
2,9.5832,54.8303
2,9.7346,54.8073
2,9.8018,54.7834
2,9.8237,54.7567
2,9.8954,54.7695
2,9.8914,54.7903
2,9.9150,54.7912
2,9.9705,54.7626
2,9.9841,54.7285
2,10.0182,54.7012
2,10.0054,54.6955
2,9.9705,54.7012
2,9.9324,54.6852
2,9.9295,54.6739
2,9.9963,54.6788
2,10.0114,54.6671
2,10.0335,54.6729
2,10.0391,54.6668
2,10.0319,54.6528
2,10.0376,54.6191
2,10.0269,54.5600
2,10.0104,54.5343
2,9.9656,54.5062
2,9.9253,54.4931
2,9.8401,54.4821
2,9.8401,54.4753
2,9.8833,54.4621
2,10.1247,54.4958
2,10.1434,54.4918
2,10.2039,54.4610
2,10.1839,54.4494
2,10.1970,54.4101
2,10.1913,54.3967
2,10.1418,54.3723
2,10.1483,54.3652
2,10.1418,54.3586
2,10.1555,54.3434
2,10.1418,54.3244
2,10.1803,54.3411
2,10.2244,54.4138
2,10.2721,54.4201
2,10.3184,54.4433
2,10.3609,54.4411
2,10.4434,54.4064
2,10.6011,54.3654
2,10.6902,54.3162
2,10.7313,54.3102
2,10.7771,54.3151
2,10.8679,54.3586
2,10.9353,54.3795
2,11.0188,54.3859
2,11.0188,54.3791
2,10.9758,54.3784
2,11.0105,54.3772
2,11.0339,54.3676
2,11.1042,54.3929
2,11.1355,54.3859
2,11.0877,54.3518
2,11.0666,54.3586
2,11.0945,54.2835
2,11.0871,54.2709
2,11.0945,54.2251
2,11.0902,54.2080
2,11.0666,54.1839
2,10.9505,54.1395
2,10.8928,54.1025
2,10.8361,54.0900
2,10.8223,54.0974
2,10.8054,54.0949
2,10.7526,54.0439
2,10.7804,54.0100
2,10.7997,54.0006
2,10.8755,53.9954
2,10.8874,53.9639
2,10.9021,53.9614
2,10.9226,53.9614
2,10.9647,53.9854
2,11.0535,54.0085
2,11.1751,54.0180
2,11.1908,54.0103
2,11.2044,53.9892
2,11.2454,53.9784
2,11.2429,53.9452
2,11.2937,53.9409
2,11.3342,53.9614
2,11.3582,53.9409
2,11.3999,53.9409
2,11.4463,53.9062
2,11.4577,53.9062
2,11.4691,53.9328
2,11.4768,53.9527
2,11.4724,53.9688
2,11.4979,53.9818
2,11.4917,54.0023
2,11.5259,54.0228
2,11.5191,54.0364
2,11.5532,54.0302
2,11.5735,54.0390
2,11.5913,54.0656
2,11.6245,54.0836
2,11.6253,54.1098
2,11.6579,54.1422
2,11.6897,54.1552
2,11.7288,54.1585
2,11.8123,54.1498
2,12.0506,54.1799
2,12.0881,54.1941
2,12.0916,54.1140
2,12.1150,54.0979
2,12.0951,54.1457
2,12.1055,54.1574
2,12.1343,54.1670
2,12.1428,54.1805
2,12.1013,54.1737
2,12.1089,54.1830
2,12.1869,54.2434
2,12.2894,54.2751
2,12.3421,54.3039
2,12.4383,54.3958
2,12.5134,54.4822
2,12.5339,54.4883
2,12.5270,54.4821
2,12.5484,54.4621
2,12.5915,54.4517
2,12.8191,54.4517
2,12.8566,54.4411
2,12.8796,54.4488
2,12.9084,54.4446
2,12.9212,54.4335
2,12.8708,54.4168
2,12.6946,54.4337
2,12.6704,54.4201
2,12.6242,54.4229
2,12.6084,54.4064
2,12.6022,54.4138
2,12.5817,54.4064
2,12.5877,54.3940
2,12.6022,54.3921
2,12.5947,54.3859
2,12.5540,54.3908
2,12.5270,54.3723
2,12.4910,54.3901
2,12.4385,54.3875
2,12.4185,54.3607
2,12.4240,54.3449
2,12.3967,54.3518
2,12.3899,54.3449
2,12.3965,54.3330
2,12.3916,54.3211
2,12.3626,54.3102
2,12.3801,54.2771
2,12.3688,54.2692
2,12.4368,54.2477
2,12.4582,54.2556
2,12.4103,54.2692
2,12.4168,54.2810
2,12.4724,54.3102
2,12.4787,54.3319
2,12.5606,54.3586
2,12.5408,54.3654
2,12.5408,54.3723
2,12.5742,54.3723
2,12.5742,54.3791
2,12.5929,54.3693
2,12.6227,54.3739
2,12.6773,54.3921
2,12.6704,54.4064
2,12.7048,54.4146
2,12.7175,54.4138
2,12.7175,54.4064
2,12.6924,54.3962
2,12.6841,54.3723
2,12.7046,54.3996
2,12.7350,54.3782
2,12.7461,54.3859
2,12.7686,54.3801
2,12.7871,54.3921
2,12.8180,54.3580
2,12.8547,54.3579
2,12.8760,54.3654
2,12.9038,54.3996
2,12.9294,54.4144
2,13.0088,54.4381
2,13.0342,54.4337
2,13.0215,54.4265
2,13.0286,54.4018
2,13.0956,54.3723
2,13.0767,54.3525
2,13.0807,54.3371
2,13.1092,54.3102
2,13.1149,54.2800
2,13.1707,54.2766
2,13.1707,54.2692
2,13.1434,54.2630
2,13.1761,54.2648
2,13.2888,54.2343
2,13.3218,54.1945
2,13.3489,54.1805
2,13.3215,54.1668
2,13.3838,54.1781
2,13.4035,54.1737
2,13.3830,54.1531
2,13.4177,54.1531
2,13.4651,54.0985
2,13.5071,54.0911
2,13.4793,54.1252
2,13.6027,54.1395
2,13.7119,54.1737
2,13.7147,54.1640
2,13.6983,54.1593
2,13.6983,54.1531
2,13.8081,54.1047
2,13.7732,54.0463
2,13.7461,54.0364
2,13.7976,53.9989
2,13.8386,53.9863
2,13.8486,53.9556
2,13.9060,53.9431
2,13.9076,53.9335
2,13.8901,53.9129
2,13.8185,53.8780
2,13.8081,53.8651
2,13.8171,53.8529
2,13.8628,53.8413
2,13.8999,53.8091
2,13.9107,53.8105
2,13.9842,53.7740
2,14.0173,53.7695
2,14.0374,53.7553
2,14.1865,53.7398
2,14.2147,53.7449
2,14.2341,53.7618
2,14.2502,53.7600
2,14.2645,53.7516
2,14.2674,53.7354
2,14.2127,53.7081
2,14.2254,53.7038
2,14.2737,53.7006
2,14.3049,53.7126
2,14.3062,53.7207
2,14.2886,53.7280
2,14.3016,53.7348
2,14.2886,53.7416
2,14.2942,53.7491
2,14.3304,53.7342
2,14.3421,53.7149
2,14.4146,53.6824
2,14.5310,53.6578
2,14.5906,53.5984
2,14.6016,53.6267
2,14.6238,53.6392
2,14.6238,53.6528
2,14.5759,53.6597
2,14.5449,53.7040
2,14.5759,53.7695
2,14.5874,53.7635
2,14.6238,53.7695
2,14.6167,53.7947
2,14.6306,53.8515
2,14.5896,53.8173
2,14.5959,53.8105
2,14.5871,53.8126
2,14.5691,53.8242
2,14.5896,53.8378
2,14.5759,53.8548
2,14.5521,53.8628
2,14.4412,53.8696
2,14.4255,53.8798
2,14.4382,53.8993
2,14.4319,53.9062
2,14.4220,53.8961
2,14.3851,53.8973
2,14.3630,53.8794
2,14.4092,53.8716
2,14.4177,53.8651
2,14.4157,53.8530
2,14.3926,53.8407
2,14.3836,53.8447
2,14.3283,53.8310
2,14.3283,53.8242
2,14.3421,53.8210
2,14.3283,53.8173
2,14.2747,53.8308
2,14.2266,53.8720
2,14.2031,53.8783
2,14.0874,53.8704
2,14.0484,53.8794
2,13.9959,53.8537
2,13.9385,53.8447
2,13.8401,53.8503
2,13.8218,53.8651
2,13.9317,53.8993
2,13.9390,53.9282
2,13.9019,53.9698
2,13.9045,53.9954
2,13.9727,53.9892
2,13.9590,53.9409
2,13.9875,53.9614
2,14.0278,53.9614
2,14.0143,53.9471
2,14.0484,53.9409
2,14.0403,53.9538
2,14.0531,53.9784
2,14.0513,54.0051
2,14.0374,54.0217
2,14.0143,54.0160
2,13.9817,54.0563
2,13.9461,54.0666
2,13.9159,54.0564
2,13.9248,54.0364
2,13.8909,54.0102
2,13.8560,54.0023
2,13.8581,54.0158
2,13.8763,54.0364
2,13.8636,54.0500
2,13.8230,54.0379
2,13.7942,54.0181
2,13.7741,54.0228
2,13.8093,54.0751
2,13.8150,54.1013
2,13.8062,54.1166
2,13.7529,54.1531
2,13.7776,54.1740
2,13.8150,54.1737
2,13.8560,54.1184
2,13.8825,54.1024
2,14.0166,54.0600
2,14.2095,53.9386
2,14.2681,53.9218
2,14.3670,53.9170
2,14.4067,53.9218
2,14.5173,53.9652
2,14.7819,54.0346
2,15.0101,54.0698
2,15.2883,54.1389
2,15.6658,54.1984
2,15.8597,54.2500
3,4.8926,53.1110
3,4.9099,53.1188
3,4.9102,53.1346
3,4.8858,53.1662
3,4.8898,53.1809
3,4.8543,53.1877
3,4.8057,53.1330
3,4.7585,53.1085
3,4.7337,53.0842
3,4.7139,53.0546
3,4.7077,53.0285
3,4.7268,53.0031
4,4.7957,53.0003
4,4.8181,53.0268
4,4.8652,53.0502
4,4.8931,53.0761
4,4.9131,53.1048
4,4.8926,53.1048
4,4.8926,53.1110
5,4.8789,53.2209
5,4.9102,53.2125
5,5.0365,53.2918
5,5.1048,53.3028
5,5.1048,53.3096
5,5.0545,53.3138
5,4.9865,53.2900
5,4.8789,53.2209
6,5.4236,53.4304
6,5.4072,53.4226
6,5.2502,53.4064
6,5.1789,53.3854
6,5.1677,53.3682
6,5.1799,53.3531
6,5.2083,53.3527
6,5.4270,53.4064
6,5.4686,53.4085
6,5.4817,53.4127
6,5.4754,53.4269
6,5.5620,53.4343
6,5.5853,53.4536
6,5.4236,53.4304
7,5.6740,53.4679
7,5.6589,53.4719
7,5.6419,53.4634
7,5.6361,53.4487
7,5.6536,53.4337
7,5.6790,53.4301
7,5.7528,53.4474
7,5.8556,53.4474
7,5.9546,53.4611
7,5.9138,53.4739
7,5.6740,53.4679
8,6.2118,53.5089
8,6.1480,53.4949
8,6.1228,53.4816
8,6.1333,53.4679
8,6.1271,53.4631
8,6.1333,53.4536
8,6.1532,53.4688
8,6.3387,53.5020
8,6.3387,53.5089
8,6.3108,53.5141
8,6.2118,53.5089
9,6.4412,53.5566
9,6.4607,53.5434
9,6.4964,53.5362
9,6.5101,53.5436
9,6.4412,53.5566
10,6.7981,53.6044
10,6.7847,53.6201
10,6.6595,53.5991
10,6.6771,53.5756
10,6.6951,53.5703
10,6.7261,53.5771
10,6.7565,53.5629
10,6.7224,53.5908
10,6.7981,53.6044
11,6.8738,53.6728
11,7.0855,53.6870
11,7.0470,53.6942
11,6.9108,53.6837
11,6.8738,53.6728
12,7.1331,53.7081
12,7.1736,53.7014
12,7.2957,53.7110
12,7.3467,53.7232
12,7.2329,53.7294
12,7.1790,53.7241
12,7.1331,53.7081
13,7.3665,53.7280
13,7.4212,53.7211
13,7.4356,53.7280
13,7.4035,53.7367
13,7.3665,53.7280
14,8.1201,53.7211
14,8.1201,53.7143
14,8.1509,53.7143
14,8.1960,53.7280
14,8.1524,53.7392
14,8.1327,53.7340
14,8.1201,53.7211
15,7.5174,53.7621
15,7.4746,53.7568
15,7.4696,53.7453
15,7.4819,53.7271
15,7.5112,53.7280
15,7.5139,53.7455
15,7.6272,53.7509
15,7.6066,53.7626
15,7.5174,53.7621
16,7.6609,53.7621
16,7.6771,53.7578
16,7.6950,53.7695
16,7.7195,53.7599
16,7.7482,53.7609
16,7.8128,53.7764
16,7.8128,53.7831
16,7.6863,53.7810
16,7.6609,53.7621
17,7.8738,53.7764
17,7.8753,53.7884
17,7.9556,53.7829
17,7.9141,53.7954
17,7.8767,53.7949
17,7.8545,53.7846
17,7.8738,53.7764
18,11.3757,53.9818
18,11.4231,53.9677
18,11.4378,53.9750
18,11.4333,53.9888
18,11.4470,53.9971
18,11.4453,53.9611
18,11.4577,53.9614
18,11.4979,54.0228
18,11.4680,54.0310
18,11.4266,54.0229
18,11.3904,54.0046
18,11.3757,53.9818
19,11.5285,54.0751
19,11.5396,54.0570
19,11.5527,54.0731
19,11.6159,54.1121
19,11.5339,54.0849
19,11.5285,54.0751
20,8.9631,54.5237
20,8.9192,54.5305
20,8.8445,54.5197
20,8.8128,54.5019
20,8.8255,54.4912
20,8.8128,54.4821
20,8.8239,54.4709
20,8.8445,54.4665
20,8.8880,54.4685
20,8.9113,54.4755
20,8.9569,54.5094
20,8.9631,54.5237
21,11.2556,54.4787
21,11.2066,54.5145
21,11.1213,54.5360
21,11.0729,54.5312
21,11.0337,54.5089
21,11.0057,54.4685
21,11.0085,54.4547
21,11.0257,54.4588
21,11.0325,54.4473
21,11.0581,54.4553
21,11.0986,54.4516
21,11.1013,54.4235
21,11.1126,54.4152
21,11.1790,54.4142
21,11.1702,54.4201
21,11.1885,54.4262
21,11.3142,54.4138
21,11.2556,54.4787
22,13.1434,54.5981
22,13.1434,54.5777
22,13.1497,54.5777
22,13.1497,54.5914
22,13.1571,54.5880
22,13.1511,54.6049
22,13.1096,54.6031
22,13.1023,54.5961
22,13.0642,54.5051
22,13.0614,54.4685
22,13.0682,54.4685
22,13.0750,54.5094
22,13.1025,54.5299
22,13.1189,54.5864
22,13.1434,54.5981
23,13.6983,54.3921
23,13.6095,54.4138
23,13.5879,54.4376
23,13.5755,54.4719
23,13.5848,54.4865
23,13.6511,54.5163
23,13.6773,54.5405
23,13.6707,54.5662
23,13.6405,54.5857
23,13.5960,54.5914
23,13.4663,54.5769
23,13.4246,54.5852
23,13.3945,54.6044
23,13.3830,54.6364
23,13.3909,54.6505
23,13.4451,54.6739
23,13.4451,54.6801
23,13.3908,54.6882
23,13.2536,54.6650
23,13.2310,54.6533
23,13.2248,54.6350
23,13.2935,54.6423
23,13.2839,54.6193
23,13.2568,54.5949
23,13.2533,54.5646
23,13.2733,54.5609
23,13.3692,54.6121
23,13.3993,54.5796
23,13.4238,54.5745
23,13.4414,54.5572
23,13.4866,54.5572
23,13.5208,54.5708
23,13.5208,54.5646
23,13.4997,54.5572
23,13.5208,54.5237
23,13.4997,54.4958
23,13.5071,54.4883
23,13.4307,54.4927
23,13.4109,54.5094
23,13.4173,54.5246
23,13.3767,54.5646
23,13.3631,54.5504
23,13.3898,54.5429
23,13.3838,54.5319
23,13.3489,54.5237
23,13.3631,54.5429
23,13.3421,54.5504
23,13.3694,54.5852
23,13.3337,54.5731
23,13.3010,54.5504
23,13.3093,54.5348
23,13.2979,54.5197
23,13.2883,54.5399
23,13.2595,54.5538
23,13.1434,54.5429
23,13.1589,54.5407
23,13.1660,54.5191
23,13.1854,54.5083
23,13.2328,54.5163
23,13.2254,54.5019
23,13.2332,54.4931
23,13.2731,54.4821
23,13.2595,54.4685
23,13.1818,54.4530
23,13.1570,54.4268
23,13.2116,54.4311
23,13.2390,54.4201
23,13.2393,54.3936
23,13.2669,54.3859
23,13.2233,54.3725
23,13.1743,54.3840
23,13.1489,54.3773
23,13.1155,54.3381
23,13.1775,54.3102
23,13.1775,54.3039
23,13.1489,54.3048
23,13.1428,54.2980
23,13.1497,54.2903
23,13.2048,54.2972
23,13.1992,54.2844
23,13.2101,54.2758
23,13.2679,54.2565
23,13.3147,54.2630
23,13.3079,54.2692
23,13.3352,54.2835
23,13.3115,54.2511
23,13.3470,54.2375
23,13.4072,54.2282
23,13.4230,54.2327
23,13.4177,54.2661
23,13.3631,54.2630
23,13.3694,54.2556
23,13.3557,54.2487
23,13.3596,54.2755
23,13.4061,54.2852
23,13.4289,54.3109
23,13.4997,54.3449
23,13.5993,54.3518
23,13.6268,54.3391
23,13.6501,54.3524
23,13.6909,54.3518
23,13.6909,54.3449
23,13.6170,54.3176
23,13.6599,54.3298
23,13.7119,54.3319
23,13.6882,54.3133
23,13.6511,54.3039
23,13.6511,54.2972
23,13.6795,54.2940
23,13.7119,54.3039
23,13.7119,54.2866
23,13.6909,54.2835
23,13.7232,54.2784
23,13.7302,54.3168
23,13.7664,54.3449
23,13.7420,54.3505
23,13.6983,54.3921
24,8.3324,54.6938
24,8.3604,54.7148
24,8.3205,54.6987
24,8.2915,54.6671
24,8.3303,54.6314
24,8.3537,54.6190
24,8.4014,54.6330
24,8.3823,54.6391
24,8.3324,54.6938
25,8.4976,54.7564
25,8.4368,54.7485
25,8.3945,54.7148
25,8.4852,54.6881
25,8.5112,54.6938
25,8.5658,54.6876
25,8.5938,54.7285
25,8.5759,54.7464
25,8.5532,54.7545
25,8.4976,54.7564
26,11.8452,54.7319
26,11.8555,54.7436
26,11.8486,54.7732
26,11.7876,54.8069
26,11.7730,54.8247
26,11.7873,54.8315
26,11.7556,54.8411
26,11.7319,54.8589
26,11.7258,54.8734
26,11.6494,54.9135
26,11.6448,54.8896
26,11.6563,54.8663
26,11.5947,54.8589
26,11.5728,54.8480
26,11.5947,54.8111
26,11.3689,54.8811
26,11.3389,54.9191
26,11.2317,54.9612
26,11.0881,54.9442
26,11.0740,54.9482
26,11.0324,54.9193
26,11.0188,54.9034
26,11.0188,54.8862
26,11.0784,54.8411
26,11.1082,54.8315
26,11.0897,54.8106
26,11.0308,54.8122
26,11.0057,54.8037
26,10.9992,54.7868
26,11.0093,54.7716
26,11.0305,54.7606
26,11.1878,54.7322
26,11.3587,54.6605
26,11.4744,54.6261
26,11.5122,54.6466
26,11.6105,54.6664
26,11.7661,54.6466
26,11.8107,54.6551
26,11.8426,54.6762
26,11.8464,54.6978
26,11.8070,54.7080
26,11.8452,54.7319
27,10.4502,54.8998
27,10.4636,54.8825
27,10.4609,54.8745
27,10.4260,54.8725
27,10.3888,54.9203
27,10.3958,54.9035
27,10.3914,54.8955
27,10.3496,54.8967
27,10.2887,54.9407
27,10.1892,54.9775
27,10.2114,54.9394
27,10.3835,54.8308
27,10.4063,54.8247
27,10.4401,54.8415
27,10.5186,54.8520
27,10.4987,54.8589
27,10.4992,54.8746
27,10.4502,54.8998
28,12.4172,55.0302
28,12.3353,55.0333
28,12.3018,55.0421
28,12.2800,55.0643
28,12.2510,55.0607
28,12.2527,55.0439
28,12.2942,55.0234
28,12.2813,55.0071
28,12.2869,54.9892
28,12.2322,54.9755
28,12.1770,54.9892
28,12.1843,54.9755
28,12.1770,54.9681
28,12.1644,54.9726
28,12.1292,54.9544
28,12.1491,54.9408
28,12.1289,54.9316
28,12.1292,54.9135
28,12.1150,54.9135
28,12.1150,54.9073
28,12.2078,54.8862
28,12.2268,54.8926
28,12.2800,54.9346
28,12.3484,54.9600
28,12.5427,54.9512
28,12.5537,54.9681
28,12.5376,55.0024
28,12.5047,55.0198
28,12.4172,55.0302
29,8.3604,54.9482
29,8.3516,54.9667
29,8.3620,54.9868
29,8.3809,55.0031
29,8.4216,55.0163
29,8.4304,55.0300
29,8.4222,55.0422
29,8.3945,55.0439
29,8.4634,55.0507
29,8.4158,55.0653
29,8.3737,55.0350
29,8.2980,54.9125
29,8.2886,54.8913
29,8.2770,54.7828
29,8.2844,54.7424
29,8.2957,54.7591
29,8.2949,54.8315
29,8.3071,54.8654
29,8.3439,54.8791
29,8.3771,54.8663
29,8.4461,54.8663
29,8.5044,54.8862
29,8.6294,54.8821
29,8.6545,54.8936
29,8.4365,54.8873
29,8.3884,54.8942
29,8.3545,54.9127
29,8.3604,54.9482
30,10.0114,54.9755
30,9.9609,55.0150
30,9.8530,55.0401
30,9.7935,55.0808
30,9.7166,55.0822
30,9.6284,55.0581
30,9.6284,55.0507
30,9.6455,55.0449
30,9.6966,55.0507
30,9.6688,55.0302
30,9.6742,55.0211
30,9.7206,55.0123
30,9.7991,55.0165
30,9.7868,55.0001
30,9.8421,54.9703
30,9.8328,54.9652
30,9.8475,54.9482
30,9.8274,54.9455
30,9.7581,54.9818
30,9.7644,54.9755
30,9.7612,54.9431
30,9.7809,54.9168
30,9.8147,54.9011
30,9.8538,54.8998
30,9.8880,54.9135
30,9.9437,54.9036
30,9.9915,54.8793
30,9.9915,54.8725
30,9.9009,54.9007
30,9.8743,54.8930
30,9.8743,54.8862
30,9.9536,54.8626
30,9.9680,54.8595
30,10.0220,54.8793
30,10.0645,54.8810
30,10.0651,54.8908
30,10.0114,54.9755
31,10.8550,55.0439
31,10.7982,54.9966
31,10.6970,54.9313
31,10.6830,54.9073
31,10.7004,54.9016
31,10.7178,54.9073
31,10.7245,54.8862
31,10.6989,54.8812
31,10.6844,54.8878
31,10.6409,54.8432
31,10.6011,54.8383
31,10.6564,54.8037
31,10.6819,54.7448
31,10.6939,54.7353
31,10.7313,54.7401
31,10.7411,54.7524
31,10.8377,54.9372
31,10.9089,55.0302
31,10.9567,55.1537
31,10.9343,55.1597
31,10.8955,55.1215
31,10.8620,55.0721
31,10.8550,55.0439
32,15.1514,55.1332
32,15.0005,55.1884
32,14.9734,55.2161
32,14.9268,55.2158
32,14.8514,55.2482
32,14.7609,55.3093
32,14.7371,55.2667
32,14.7092,55.2358
32,14.6970,55.1227
32,14.6842,55.1013
32,14.7808,55.0511
32,14.8586,55.0382
32,14.9829,55.0010
32,15.0727,54.9916
32,15.1132,55.0183
32,15.1066,55.0447
32,15.1447,55.0871
32,15.1377,55.1195
32,15.1514,55.1332
33,8.4764,55.3454
33,8.4502,55.3934
33,8.4634,55.4274
33,8.4120,55.4387
33,8.4082,55.4684
33,8.3744,55.4633
33,8.3643,55.4490
33,8.3709,55.4274
33,8.4024,55.3800
33,8.4517,55.3397
33,8.4764,55.3454
34,10.6663,55.0643
34,10.7056,55.0626
34,10.7337,55.0718
34,10.7834,55.1242
34,10.8152,55.2141
34,10.8053,55.2504
34,10.7730,55.2871
34,10.7803,55.3049
34,10.7969,55.3077
34,10.8343,55.2903
34,10.7966,55.3585
34,10.6979,55.4403
34,10.5960,55.4597
34,10.5886,55.4494
34,10.5942,55.4411
34,10.5633,55.4362
34,10.5540,55.4426
34,10.5713,55.4612
34,10.6575,55.4597
34,10.7424,55.4875
34,10.7381,55.5093
34,10.7092,55.5270
34,10.7041,55.5503
34,10.6276,55.6136
34,10.6086,55.6130
34,10.6146,55.5646
34,10.5942,55.5783
34,10.6138,55.5279
34,10.6011,55.5168
34,10.5698,55.5324
34,10.5669,55.5236
34,10.6023,55.5063
34,10.6091,55.4926
34,10.4912,55.4653
34,10.4715,55.4431
34,10.4360,55.4421
34,10.4196,55.4588
34,10.4570,55.4894
34,10.4860,55.4948
34,10.4891,55.5091
34,10.4707,55.5202
34,10.4753,55.5320
34,10.5188,55.5334
34,10.4442,55.5532
34,10.4074,55.5830
34,10.3076,55.6182
34,10.2938,55.6161
34,10.2936,55.5881
34,10.2796,55.5851
34,10.2721,55.6055
34,10.2373,55.6055
34,10.1686,55.5823
34,10.0393,55.5578
34,9.9403,55.5192
34,9.8882,55.5087
34,9.8401,55.5236
34,9.8274,55.5484
34,9.7551,55.5441
34,9.6763,55.4957
34,9.7134,55.4910
34,9.8122,55.4411
34,9.7863,55.4372
34,9.7302,55.4615
34,9.7035,55.4684
34,9.7035,55.4621
34,9.7373,55.4382
34,9.8093,55.4255
34,9.8196,55.4138
34,9.7855,55.4138
34,9.8401,55.4001
34,9.8301,55.3889
34,9.7781,55.3803
34,9.8024,55.3624
34,9.8298,55.3523
34,9.8848,55.3489
34,9.8817,55.3144
34,9.8954,55.2803
34,9.8840,55.2535
34,9.9114,55.2285
34,9.9795,55.2128
34,9.9720,55.1847
34,9.9888,55.1518
34,9.9855,55.1278
34,10.0256,55.1257
34,10.0291,55.1424
34,9.9945,55.1728
34,9.9915,55.1884
34,10.0036,55.1973
34,10.0393,55.1810
34,10.0940,55.1884
34,10.1130,55.1838
34,10.1560,55.1401
34,10.1426,55.1258
34,10.0659,55.0922
34,10.0835,55.0870
34,10.1418,55.0922
34,10.1970,55.0643
34,10.1976,55.0861
34,10.2053,55.0937
34,10.2342,55.0922
34,10.3128,55.0637
34,10.3626,55.0627
34,10.3888,55.0507
34,10.4775,55.0439
34,10.5383,55.0297
34,10.6047,55.0626
34,10.6663,55.0643
35,12.6157,55.6881
35,12.6084,55.7011
35,12.5674,55.6540
35,12.5202,55.6192
35,12.5205,55.5967
35,12.5348,55.5693
35,12.5563,55.5505
35,12.6394,55.5783
35,12.6746,55.6013
35,12.6157,55.6881
36,10.5594,55.8663
36,10.5173,55.8455
36,10.5116,55.8253
36,10.5203,55.7886
36,10.5471,55.7652
36,10.5822,55.7598
36,10.6146,55.7768
36,10.6244,55.7943
36,10.6283,55.8458
36,10.6693,55.8800
36,10.6663,55.8867
36,10.6387,55.8661
36,10.6214,55.8799
36,10.6154,55.9003
36,10.6283,55.9208
36,10.5803,55.9365
36,10.5642,55.9538
36,10.5568,55.9958
36,10.5440,55.9980
36,10.5186,55.9761
36,10.5154,55.9512
36,10.5669,55.9283
36,10.5803,55.9115
36,10.5811,55.8945
36,10.5594,55.8663
37,12.0404,54.8930
37,11.9822,54.9203
37,11.9579,54.9482
37,11.9237,54.9408
37,11.9312,54.9277
37,11.9185,54.9219
37,11.8901,54.9296
37,11.8828,54.9408
37,11.9015,54.9764
37,11.8971,54.9954
37,11.9168,55.0029
37,11.9102,55.0097
37,11.9439,55.0061
37,11.9981,54.9765
37,12.0330,54.9681
37,12.1489,54.9941
37,12.1623,55.0044
37,12.1633,55.0234
37,12.1185,55.0736
37,12.1650,55.0913
37,12.1770,55.1053
37,12.1686,55.1285
37,12.0466,55.1401
37,12.0125,55.1571
37,12.0147,55.1675
37,12.0564,55.1857
37,12.0767,55.1820
37,12.0881,55.1684
37,12.0807,55.1469
37,12.0990,55.1414
37,12.1150,55.1537
37,12.1091,55.1707
37,12.1211,55.1911
37,12.1828,55.2272
37,12.3924,55.2553
37,12.4650,55.2903
37,12.4347,55.3637
37,12.3688,55.4001
37,12.2734,55.4102
37,12.2249,55.4349
37,12.1981,55.4875
37,12.2482,55.5461
37,12.3313,55.5954
37,12.4036,55.6192
37,12.4650,55.6055
37,12.4872,55.6098
37,12.5033,55.6340
37,12.5410,55.6489
37,12.6022,55.7086
37,12.5879,55.7291
37,12.6022,55.7973
37,12.5760,55.8292
37,12.5545,55.8829
37,12.5127,55.9208
37,12.5127,55.9283
37,12.5674,55.9966
37,12.6219,56.0438
37,12.4861,56.0990
37,12.4149,56.0990
37,12.3285,56.1269
37,12.2451,56.1287
37,12.1654,56.1037
37,12.0125,56.0307
37,11.8656,55.9727
37,11.8486,55.9482
37,11.8655,55.9394
37,11.9924,55.9606
37,12.0261,55.9414
37,12.0498,55.8880
37,12.0535,55.8383
37,12.0951,55.7291
37,12.0921,55.7067
37,12.0603,55.6540
37,12.0114,55.6690
37,12.0093,55.6805
37,12.0404,55.6745
37,12.0319,55.6872
37,12.0011,55.6987
37,11.9852,55.6949
37,11.9822,55.6789
37,11.9592,55.6651
37,11.9102,55.6601
37,11.9582,55.6934
37,11.9727,55.7214
37,12.0261,55.7154
37,12.0519,55.7366
37,12.0490,55.7753
37,12.0313,55.8166
37,11.9920,55.8737
37,11.9982,55.9028
37,11.9347,55.9337
37,11.9168,55.9345
37,11.9095,55.9155
37,11.9536,55.8535
37,11.9373,55.8253
37,11.8692,55.8048
37,11.8418,55.7564
37,11.8555,55.7328
37,11.8106,55.6791
37,11.7798,55.6601
37,11.7944,55.6879
37,11.7873,55.7011
37,11.7463,55.7310
37,11.6843,55.7216
37,11.6572,55.7309
37,11.6823,55.7413
37,11.7627,55.7495
37,11.7388,55.7973
37,11.7204,55.7987
37,11.6736,55.7830
37,11.6078,55.7830
37,11.6078,55.7905
37,11.6262,55.7906
37,11.6563,55.8110
37,11.7176,55.8110
37,11.7316,55.8307
37,11.6631,55.9072
37,11.6858,55.9199
37,11.7176,55.9208
37,11.7114,55.9072
37,11.7440,55.9038
37,11.7505,55.9104
37,11.7388,55.9208
37,11.7798,55.9619
37,11.7683,55.9705
37,11.6409,55.9434
37,11.5994,55.9421
37,11.5811,55.9518
37,11.4269,55.9655
37,11.4006,55.9620
37,11.2726,55.9966
37,11.2819,55.9789
37,11.3045,55.9678
37,11.4774,55.9414
37,11.5105,55.9083
37,11.5052,55.8687
37,11.4775,55.8415
37,11.4434,55.8458
37,11.3984,55.8264
37,11.3484,55.8383
37,11.3757,55.8079
37,11.3640,55.7651
37,11.3522,55.7558
37,11.2522,55.7291
37,11.1901,55.7365
37,11.1764,55.7291
37,11.2180,55.7086
37,11.1926,55.7003
37,11.1634,55.7054
37,11.1218,55.7365
37,11.1628,55.7427
37,11.1628,55.7495
37,11.0331,55.7291
37,10.8755,55.7427
37,10.8755,55.7365
37,10.8914,55.7313
37,10.9602,55.7244
37,10.9846,55.7011
37,11.0711,55.6769
37,11.0877,55.6601
37,10.9299,55.6676
37,10.9299,55.6601
37,11.0392,55.6435
37,11.0879,55.6269
37,11.1321,55.5953
37,11.1484,55.5573
37,11.1380,55.5429
37,11.0886,55.5338
37,11.0809,55.5131
37,11.0858,55.5076
37,11.1356,55.5151
37,11.1639,55.5019
37,11.1965,55.4538
37,11.2048,55.4313
37,11.2009,55.4212
37,11.2131,55.4158
37,11.2142,55.4038
37,11.2044,55.3918
37,11.1592,55.3813
37,11.1289,55.3652
37,11.0877,55.3660
37,11.0877,55.3585
37,11.1082,55.3319
37,11.1235,55.3319
37,11.1423,55.3523
37,11.1901,55.3454
37,11.1882,55.3353
37,11.1528,55.3284
37,11.1621,55.3192
37,11.2415,55.2785
37,11.2420,55.2487
37,11.2863,55.2561
37,11.2678,55.2359
37,11.2385,55.2424
37,11.2454,55.2148
37,11.2610,55.2006
37,11.3205,55.1946
37,11.3000,55.2015
37,11.3000,55.2083
37,11.3689,55.2083
37,11.4232,55.2219
37,11.4924,55.2042
37,11.5060,55.2083
37,11.6494,55.1810
37,11.6951,55.2081
37,11.7176,55.2083
37,11.7331,55.2001
37,11.7347,55.1887
37,11.7114,55.1679
37,11.7285,55.1548
37,11.7854,55.1572
37,11.8070,55.1469
37,11.8040,55.1348
37,11.7176,55.1257
37,11.7434,55.1005
37,11.8053,55.0739
37,11.8275,55.0507
37,11.6159,55.0922
37,11.6655,55.0664
37,11.7288,55.0643
37,11.7556,55.0507
37,11.8418,55.0302
37,11.8828,54.9818
37,11.8625,54.9637
37,11.8483,54.9591
37,11.8376,54.9661
37,11.8040,54.9482
37,11.7593,54.9681
37,11.7114,54.9482
37,11.7114,54.9408
37,11.7420,54.9254
37,11.7497,54.8731
37,11.7935,54.8445
37,11.8091,54.8049
37,11.8828,54.7564
37,11.8723,54.7399
37,11.8758,54.7297
37,11.9102,54.7217
37,11.8706,54.6804
37,11.8692,54.6596
37,11.9237,54.5981
37,11.9282,54.5840
37,11.9491,54.5686
37,11.9690,54.5698
37,11.9607,54.6941
37,12.0227,54.7353
37,12.0671,54.7868
37,12.1702,54.8383
37,12.0964,54.8981
37,12.0404,54.8930
38,11.5122,56.6955
38,11.5437,56.6787
38,11.5811,56.6812
38,11.6180,56.7113
38,11.6494,56.7222
38,11.6494,56.7296
38,11.5208,56.7154
38,11.5095,56.7102
38,11.5122,56.6955
39,8.8259,56.7438
39,8.8674,56.7911
39,8.8533,56.7978
39,8.8811,56.8054
39,8.8552,56.8198
39,8.8364,56.8693
39,8.8396,56.8798
39,8.8674,56.8941
39,8.8827,56.8864
39,8.8880,56.8668
39,8.9004,56.8748
39,8.9227,56.9220
39,8.9085,56.9487
39,8.9289,56.9766
39,8.9163,56.9791
39,8.8904,56.9548
39,8.8674,56.9630
39,8.8136,56.9103
39,8.7918,56.9145
39,8.6516,56.8942
39,8.6551,56.8668
39,8.6211,56.8320
39,8.6688,56.8258
39,8.6438,56.8081
39,8.5730,56.8026
39,8.5453,56.7911
39,8.5532,56.7681
39,8.5228,56.7551
39,8.5147,56.7382
39,8.5559,56.7438
39,8.5863,56.7365
39,8.6584,56.6781
39,8.7661,56.6987
39,8.7713,56.7160
39,8.8259,56.7438
40,11.1423,57.3323
40,11.1019,57.3204
40,11.0277,57.3207
40,11.0101,57.3099
40,10.9466,57.3046
40,10.8884,57.2749
40,10.8550,57.2709
40,10.8550,57.2646
40,10.8888,57.2453
40,10.9518,57.2337
40,10.9780,57.2067
40,10.9979,57.1979
40,11.0288,57.2019
40,11.0911,57.2528
40,11.0942,57.2690
40,11.0666,57.2913
40,11.1432,57.3014
40,11.1891,57.2943
40,11.1973,57.3134
40,11.1901,57.3255
40,11.1423,57.3323
41,11.7388,58.0585
41,11.7166,58.0645
41,11.6597,58.0455
41,11.5248,58.0507
41,11.5059,58.0460
41,11.4979,58.0281
41,11.5056,58.0130
41,11.5676,58.0039
41,11.5156,58.0008
41,11.5125,57.9926
41,11.5278,57.9543
41,11.5947,57.9356
41,11.6189,57.9543
41,11.6506,57.9554
41,11.6794,58.0063
41,11.6951,58.0151
41,11.7114,58.0114
41,11.7102,57.9929
41,11.7319,57.9977
41,11.7456,58.0312
41,11.7388,58.0585
42,11.8070,58.2304
42,11.7894,58.2464
42,11.7498,58.2629
42,11.7388,58.2851
42,11.6864,58.2912
42,11.6699,58.2851
42,11.6774,58.2714
42,11.6600,58.2581
42,11.6631,58.2373
42,11.6016,58.2373
42,11.5278,58.2128
42,11.4290,58.1610
42,11.4089,58.1457
42,11.4066,58.1311
42,11.4474,58.1035
42,11.4577,58.0722
42,11.4639,58.0722
42,11.4639,58.1069
42,11.5163,58.0860
42,11.5339,58.1069
42,11.5853,58.1231
42,11.6123,58.1186
42,11.6289,58.1001
42,11.6546,58.1080
42,11.7082,58.0982
42,11.7567,58.1183
42,11.8047,58.1257
42,11.8138,58.1445
42,11.8153,58.1893
42,11.8070,58.2304
43,5.2769,59.2993
43,5.2865,59.3204
43,5.2803,59.3303
43,5.2539,59.3480
43,5.2085,59.4160
43,5.1859,59.4147
43,5.1800,59.4006
43,5.1885,59.3840
43,5.2085,59.3749
43,5.1745,59.3493
43,5.1738,59.3341
43,5.2283,59.2856
43,5.1787,59.2922
43,5.1653,59.2734
43,5.1731,59.2687
43,5.1662,59.1957
43,5.1884,59.1572
43,5.2086,59.1429
43,5.2359,59.1411
43,5.2971,59.1689
43,5.3024,59.2055
43,5.3174,59.2289
43,5.3179,59.2565
43,5.3141,59.2736
43,5.2769,59.2993
44,5.3071,59.7586
44,5.2932,59.7645
44,5.2598,59.8027
44,5.2272,59.8073
44,5.2202,59.8266
44,5.1683,59.8500
44,5.1540,59.8747
44,5.1048,59.8685
44,5.1465,59.8275
44,5.1284,59.8316
44,5.1184,59.8200
44,5.0986,59.8275
44,5.0974,59.8093
44,5.0706,59.7828
44,5.0762,59.7663
44,5.0895,59.7623
44,5.1184,59.7790
44,5.1248,59.7619
44,5.1880,59.7586
44,5.1314,59.7120
44,5.1167,59.6857
44,5.1154,59.6361
44,5.1528,59.5916
44,5.1771,59.5975
44,5.2017,59.6146
44,5.1942,59.6214
44,5.2015,59.6331
44,5.1880,59.6555
44,5.2085,59.6828
44,5.1602,59.6552
44,5.1540,59.6698
44,5.1942,59.7139
44,5.1942,59.7449
44,5.2256,59.7552
44,5.2606,59.7339
44,5.2734,59.7350
44,5.2700,59.7518
44,5.2893,59.7498
44,5.3103,59.7033
44,5.2700,59.6897
44,5.2700,59.6828
44,5.2908,59.6835
44,5.3450,59.7102
44,5.3071,59.7586
45,5.4891,59.8610
45,5.4207,59.9384
45,5.3882,59.9577
45,5.3450,59.9641
45,5.3262,59.9765
45,5.3040,59.9777
45,5.2829,59.9666
45,5.2754,59.9597
45,5.2975,59.9510
45,5.2502,59.9094
45,5.2620,59.8951
45,5.2564,59.8747
45,5.2848,59.8482
45,5.3143,59.7895
45,5.3523,59.7777
45,5.3779,59.7929
45,5.4019,59.7873
45,5.4065,59.7790
45,5.3996,59.7712
45,5.3582,59.7722
45,5.3633,59.7641
45,5.3897,59.7586
45,5.4219,59.7590
45,5.4817,59.7879
45,5.4978,59.8034
45,5.4891,59.8610
46,5.3618,59.9953
46,5.3724,59.9777
46,5.4102,59.9577
46,5.4543,59.9510
46,5.4768,59.9630
46,5.4891,59.9156
46,5.5081,59.8991
46,5.5715,59.9230
46,5.6224,59.9112
46,5.6399,59.9156
46,5.6061,59.9505
46,5.6052,59.9622
47,8.6345,54.5426
47,8.6021,54.5298
47,8.5959,54.5137
47,8.6188,54.4926
47,8.6413,54.4924
47,8.6698,54.5019
47,8.6929,54.5233
47,8.7009,54.5478
47,8.6989,54.5586
47,8.6345,54.5426
48,15.7053,56.1164
48,15.6691,56.1239
48,15.6423,56.1046
48,15.6511,56.0900
48,15.6968,56.0743
48,15.7036,56.0807
48,15.7009,56.1057
48,15.7258,56.1130
48,15.7269,56.1184
48,15.7053,56.1164
49,11.0703,59.0793
49,11.0476,59.0732
49,11.0398,59.0744
49,11.0344,59.0889
49,11.0033,59.0865
49,10.9932,59.0766
49,10.9915,59.0336
49,11.0182,59.0194
49,11.0464,59.0268
49,11.0549,59.0359
49,11.0516,59.0461
49,11.0824,59.0679
49,11.0830,59.0773
49,11.0703,59.0793
50,10.9105,59.1164
50,10.8573,59.0991
50,10.8679,59.1133
50,10.8555,59.1154
50,10.8291,59.0994
50,10.8457,59.0758
50,10.8838,59.0722
50,10.9144,59.1007
50,10.9105,59.1164
51,5.2461,59.9984
51,5.2688,59.9949
52,7.9041,54.1804
52,7.8799,54.1939
52,7.8945,54.1946
52,7.9041,54.1804
53,7.9124,54.1923
53,7.9334,54.1899
53,7.9124,54.1923
54,5.7640,59.1179
54,5.6079,59.1344
54,5.5752,59.1240
54,5.7507,59.0723
54,5.7748,59.0806
54,5.7759,59.1127
54,5.7640,59.1179
55,5.4621,59.2109
55,5.4392,59.2299
55,5.4038,59.2421
55,5.3851,59.2341
55,5.3753,59.2188
55,5.3848,59.1953
55,5.4432,59.1589
55,5.4646,59.1831
55,5.4621,59.2109
56,6.0164,59.2922
56,5.9525,59.2839
56,5.9325,59.2690
56,5.9299,59.2435
56,5.9582,59.2279
56,6.0563,59.2407
56,6.0918,59.2614
56,6.0999,59.2766
56,6.0164,59.2922
