wpi_number,port_name,alternate_name,un_locode,country,latitude_deg,longitude_deg
23500,Rekefjord,,NO REK,Norway,58.325833,6.258333
23503,Jossingfjord,,NOJOS,Norway,58.314907,6.333205
23505,Kirkehamn,Kirkjehamn,NO KIR,Norway,58.231389,6.527222
23510,Flekkefjorden,,NO FFD,Norway,58.264167,6.655278
23520,Farsund,,NO FAN,Norway,58.084667,6.795333
23525,Stusvik,,,Norway,58.004444,7.034167
23530,Mandal,,NO MAN,Norway,58.016667,7.466667
23550,Kristiansand,,NO KRS,Norway,58.138889,8.012778
23600,Arendal,,NO ARE,Norway,58.453889,8.776944
23620,Tvedestrand,,NO TVE,Norway,58.611667,8.942500
23630,Risor,,NO RIS,Norway,58.721944,9.245278
23640,Kragero,,NO KRA,Norway,58.863611,9.413056
23870,Stromstad,Stroemstad,SE SMD,Sweden,58.933333,11.166667
23890,Grebbestad,,SE GRE,Sweden,58.676944,11.247778
23900,Fjallbacka,,SE FJA,Sweden,58.600278,11.277222
23905,Bovallstrand,,SE BLD,Sweden,58.483333,11.333333
23910,Hunnebostrand,,SE HUN,Sweden,58.437778,11.286111
23950,Brofjorden,,SE BRO,Sweden,58.360278,11.421111
23970,Lysekil,,SE LYS,Sweden,58.271389,11.444167
23990,Uddevalla,,SE UDD,Sweden,58.334722,11.877500
24000,Stenungsund,,SE STE,Sweden,58.079722,11.800000
24010,Marstrand,,SE MSD,Sweden,57.883889,11.588333
24020,Goteborg,Gothenburg,SE GOT,Sweden,57.709722,11.954722
24030,Varberg,,SE VAG,Sweden,57.108889,12.232500
24040,Falkenberg,,SE FAG,Sweden,56.881667,12.466111
24050,Halmstad,,SE HAD,Sweden,56.666667,12.866667
24100,Hoganas,,SE HOG,Sweden,56.196667,12.544722
24120,Helsingborg,,SE HEL,Sweden,56.035278,12.687778
24180,Landskrona,,SE LAA,Sweden,55.859722,12.826667
24210,Malmo,,SE MMA,Sweden,55.623333,12.984722
24220,Limhamn,,SE LIM,Sweden,55.591111,12.918333
24250,Trelleborg,,SE TRG,Sweden,55.360000,13.150556
24260,Ystad,,SE YST,Sweden,55.418333,13.818056
24280,Simrishamn,,SE SIM,Sweden,55.558333,14.358056
24300,Ahus,,SE AHU,Sweden,55.927500,14.328056
24310,Solvesborg,,SE SOL,Sweden,56.045556,14.586389
24370,Karlshamn,,SE KAN,Sweden,56.152778,14.869167
28750,Police,,PL PLC,Poland,53.566667,14.566667
28820,Swinoujscie,Swinemunde,PL SWI,Poland,53.916667,14.266667
28823,Szczecin,Stettin,PL SZZ,Poland,53.416667,14.550000
28828,Wolgast,,DE WOL,Germany,54.050000,13.783333
28840,Sassnitz,,DE SAS,Germany,54.516667,13.650000
28848,Stralsund,,DE STL,Germany,54.316667,13.100000
28860,Rostock,,DE RSK,Germany,54.100000,12.133333
28870,Wismar,,DE WIS,Germany,53.900000,11.466667
28880,Lubeck-Travemunde,,DE TRV,Germany,53.966667,10.883333
28890,Lubeck,,DE LBC,Germany,53.883333,10.700000
28900,Neustadt,,DE NGL,Germany,54.100000,10.816667
28912,Orth,,DE ORT,Germany,54.450000,11.050000
28920,Heiligenhafen,,DE HHF,Germany,54.366667,10.983333
28930,Kiel,,DE KEL,Germany,54.316667,10.133333
28950,Eckernforde,,DE ECK,Germany,54.483333,9.833333
28955,Kappeln,,DE KAP,Germany,54.666667,9.933333
29005,Flensburg,,DE FLF,Germany,54.800000,9.433333
29110,Ronne,,DK RNN,Denmark,55.100000,14.700000
29120,Hasle,,DK HSL,Denmark,55.183333,14.700000
29180,Fakse Ladeplads Havn,Faxe Haven,DK FAK,Denmark,55.216667,12.166667
29220,Koge,,DK KOG,Denmark,55.450000,12.200000
29230,Kobenhavn,Copenhagen,DK CPH,Denmark,55.700000,12.616667
29260,Tuborg,,DK TUB,Denmark,55.716667,12.583333
29350,Helsingor,Elsingor,DK HLS,Denmark,56.033333,12.616667
29390,Hundested Havn,,DK HUN,Denmark,55.966667,11.850000
29410,Frederiksvaerk,,DK FDV,Denmark,55.966667,12.016667
29420,Frederikssund,,DK FDS,Denmark,55.833333,12.050000
29435,Kyndbyvaerkets,Kyndby; Kyndby Vaerkets;,DK KBY,Denmark,55.816667,11.883333
29440,Holbaek,,DK HBK,Denmark,55.716667,11.716667
29455,Nykobing (Mor),,DK NYM,Denmark,56.766667,11.866667
29490,Kalundborg,,DK KAL,Denmark,55.683333,11.100000
29520,Korsor,,DK KRR,Denmark,55.333333,11.133333
29530,Skaelskor,Skielskor,DK SSK,Denmark,55.250000,11.300000
29545,Stigsnaesvaerkets Havn,Stigsnaes,DK SIT,Denmark,55.200000,11.250000
29546,Gulfhaven,,DK GFH,Denmark,55.200000,11.266667
29555,Naestved,,DK NVD,Denmark,55.233333,11.750000
29560,Vordingborg,,DK VOR,Denmark,55.000000,11.900000
29580,Stubbekobing,Duunamunde,DK SBK,Denmark,54.883333,12.050000
29600,Stege,,DK STE,Denmark,54.983333,12.283333
29630,Nykobing,Falster,DK NYF,Denmark,54.766667,11.866667
29660,Sakskobing,,DK SAX,Denmark,54.800000,11.633333
29670,Bandholm,,DK BDX,Denmark,54.833333,11.500000
29700,Nakskov,,DK NAK,Denmark,54.833333,11.133333
29710,Rodby Havn,,DK ROF,Denmark,54.650000,11.350000
29720,Nysted,,DK NTD,Denmark,54.666667,11.733333
29760,Rudkobing,,DK RKB,Denmark,54.950000,10.716667
29790,Marstal,,DK MRS,Denmark,54.916667,10.333333
29800,Aeroskobing,,,Denmark,54.883333,10.416667
29830,Svendborg,,DK SVE,Denmark,55.066667,10.616667
29860,Nyborg,,DK NBG,Denmark,55.316667,10.800000
29870,Kerteminde,,DK KTD,Denmark,55.450000,10.666667
29880,Odense,,DK ODE,Denmark,55.416667,10.383333
29905,Skaerbaek,,DK SKB,Denmark,55.516667,9.616667
29910,Middelfart,,DK MID,Denmark,55.500000,9.733333
29930,Assens,,DK ASN,Denmark,55.266667,9.883333
29940,Faborg,Faaborg,DK FAA,Denmark,55.100000,10.250000
30060,Sonderborg,,DK SGD,Denmark,54.916667,9.783333
30095,Augustenborg,,DK AUB,Denmark,54.950000,9.866667
30100,Abenra,Apenrade,DK AAB,Denmark,55.050000,9.433333
30105,Ensted,,DK ENS,Denmark,55.016667,9.433333
30120,Haderslev,,DK HAD,Denmark,55.250000,9.500000
30160,Kolding,,DK KOL,Denmark,55.483333,9.500000
30170,Fredericia,,DK FRC,Denmark,55.566667,9.766667
30190,Vejle,,DK VEJ,Denmark,55.716667,9.550000
30230,Horsens,,DK HOR,Denmark,55.866667,9.850000
30260,Arhus,Aarhus,DK AAR,Denmark,56.150000,10.216667
30285,Studstrup,,DK SSV,Denmark,56.250000,10.350000
30290,Grenaa Havn,,DK GRE,Denmark,56.416667,10.933333
30330,Randers,Randers Havn,DK RAN,Denmark,56.466667,10.050000
30340,Hadsund,,DK HSU,Denmark,56.716667,10.116667
30350,Mariager,,DK MRR,Denmark,56.650000,9.983333
30360,Hobro,,DK HBO,Denmark,56.633333,9.800000
30380,Hals,,DK HAS,Denmark,56.983333,10.316667
30400,Alborg,Aalborg,DKAAL,Denmark,57.050000,9.933333
30430,Frederikshavn,,DK FDH,Denmark,57.433333,10.550000
30440,Skagen Havn,,DK SKA,Denmark,57.716667,10.600000
30450,Hirtshals,,DK HIR,Denmark,57.600000,9.966667
30455,Hanstholm,,DK HAN,Denmark,57.133333,8.600000
30457,Thisted,,DK TED,Denmark,56.950000,8.700000
30460,Thyboron,,DK THN,Denmark,56.700000,8.216667
30480,Lemvig,,DK LVG,Denmark,56.583333,8.283333
30500,Holstebro-Stuer,,DK HSB,Denmark,56.500000,8.583333
30630,Ringkobing,,DK RKG,Denmark,56.083333,8.250000
30640,Esbjerg,,DK EBJ,Denmark,55.466667,8.450000
30680,Husum,,DE HUS,Germany,54.483333,9.050000
30695,Busum,,DE BUM,Germany,54.133333,8.866667
30710,Brunsbuttel Elbahafen,,DE BRB,Germany,53.883333,9.166667
30720,Brunsbuttel Canal Terminals,,DE BRB,Germany,53.900000,9.150000
30725,Itzehoe,,DE ITZ,Germany,53.916667,9.516667
30730,Rendsburg,,DE REN,Germany,54.300000,9.683333
30740,Neuhaus,,DE NEH,Germany,53.800000,9.033333
30760,Gluckstadt,,DE GLU,Germany,53.783333,9.416667
30780,Hamburg,,DE HAM,Germany,53.550000,9.933333
30785,Butzfleth,,DE BUZ,Germany,53.650000,9.516667
30800,Cuxhaven,,DE CUX,Germany,53.866667,8.716667
30810,Bremerhaven,,DE BRV,Germany,53.533333,8.583333
30840,Nordenham,,DE NHA,Germany,53.483333,8.483333
30850,Brake,,DE BKE,Germany,53.333333,8.483333
30860,Elsfleth,,DE ELS,Germany,53.233333,8.466667
30870,Oldenburg,,DE OLO,Germany,53.116667,8.216667
30900,Bremen,,DE BRE,Germany,53.133333,8.766667
30910,Wilhelmshaven,,DE WVN,Germany,53.533333,8.166667
30930,Helgoland,Helgoland Vorhafen,DEHGL,Germany,54.172438,7.895715
30950,Emden,,DE EME,Germany,53.333333,7.183333
30960,Leer,,DE LEE,Germany,53.233333,7.450000
30970,Papenburg,,DE PAP,Germany,53.100000,7.383333
30985,Eemshaven,,NL EEM,Netherlands,53.450000,6.833333
30990,Delfzijl,,NL DZL,Netherlands,53.333333,6.933333
